id,true,pred,prob_Cardiology,prob_Gastroenterology,prob_Neurology,prob_Orthopedics,prob_Other
0,1,1,0.10889813161283142,0.5430083681338439,0.1273079169541314,0.008782842165532006,0.21200274638399225
1,3,3,0.005297888266301679,0.003549649008557347,0.019846783789976105,0.9549040191023603,0.01640168483881574
2,3,3,0.003146246176262022,0.007330700843147722,0.017070676891650947,0.958417139552784,0.014035209644215967
3,3,3,0.0028595767338021206,0.0022129198770912753,0.0032441477193349173,0.9861738656382737,0.00550942032200325
4,1,1,0.05707352833699711,0.45102862599198085,0.12538843181187392,0.014720810429384806,0.35178859271955376
5,3,3,0.002024327982779712,0.0012899703888178983,0.001990264412234553,0.9922650868718754,0.002430404657860854
6,3,3,0.005394387310509468,0.017752122909236404,0.01683662822906353,0.9001107285629055,0.05990612223150942
7,1,1,0.040712301588085344,0.7116943531679916,0.05788812268033693,0.007933494305990918,0.1817717362902524
8,4,2,0.17220698815312185,0.11213332924422295,0.44091574249687343,0.006384691195646446,0.26835929254259794
9,0,0,0.387723711855862,0.13641520063914045,0.3226671601263641,0.006388209902524169,0.14680570015350936
10,4,4,0.018642675045044504,0.05307755960013642,0.10018661094127396,0.07997278643275037,0.7481203549422787
11,0,2,0.10331983883149685,0.2964732769288944,0.33878866376677763,0.06766479536876265,0.19375346012179717
12,3,3,0.0015983555151220172,0.00125296042206499,0.001720765320422141,0.9940665064273438,0.0013613762495802927
13,4,4,0.14411429789046948,0.18770729499641445,0.23076409976668702,0.006304196510633146,0.4311101140488588
14,4,4,0.08300841691877724,0.08349001353012174,0.22058800171989137,0.020222272877905772,0.592691290296691
15,4,4,0.16341345858013487,0.19358794639443405,0.30683385344636777,0.0167202801316906,0.3194444199103859
16,2,2,0.10990518283014444,0.051700463315676654,0.622242881292258,0.030059777597087875,0.18609170539564587
17,4,4,0.04453827203102265,0.37325619150430867,0.17988291530509187,0.007971087040839146,0.3943515542353053
18,3,3,0.006758839352961465,0.004685772037079065,0.0048380853317088884,0.967417880324241,0.01629944188314078
19,2,4,0.2580115077031651,0.17815306725624674,0.14941484326819715,0.014478322652069636,0.3999422894814373
20,1,2,0.11858103438725807,0.1577360169352956,0.5528403600626568,0.004117956914487358,0.1667246546574036
21,0,0,0.8210841157709763,0.023671225599031377,0.023075679260363004,0.00943915216166693,0.1227298723538241
22,2,4,0.02320637484372181,0.03983669967701885,0.2904908665276929,0.07471775302362146,0.5717483390830287
23,1,4,0.07422630030943035,0.19627836651693775,0.06624018919231953,0.01986928069704977,0.6433858040521468
24,2,0,0.744120204311347,0.03143273389314606,0.13778749690954992,0.006874202105086926,0.07978535253632181
25,2,2,0.15558551903945084,0.05385617477245641,0.50190257873793,0.005605132197557672,0.2830505746703762
26,0,0,0.9597219688261006,0.0056942682943701434,0.015301192260010369,0.0016068690349004763,0.01767572093284487
27,4,4,0.14124532010162322,0.15077612594452522,0.20029462253039676,0.004752318186301847,0.5029316133070021
28,4,4,0.13624958449645796,0.263442011782297,0.055332848934090705,0.008660918755435277,0.5363146565208157
29,4,4,0.11164470527488539,0.22822692717406295,0.2652025480864094,0.018413510612981004,0.3765123074546774
30,2,2,0.07603443622114002,0.048747637036032916,0.6241494513231501,0.011045727483186675,0.24002267100924557
31,0,0,0.39543992957259766,0.3181174249262969,0.08799004573880041,0.011278952581506086,0.18717370687857593
32,3,3,0.002862989781353304,0.001059739358360616,0.0013332128812349262,0.99079897847695,0.003945128489668695
33,1,1,0.0933785568476606,0.6719716726786653,0.044352212858231446,0.017283583654232028,0.17301397158633808
34,2,4,0.05903671807295262,0.05930047773473307,0.1135467040920119,0.008638879471875298,0.7594772665891962
35,0,0,0.9324318280836521,0.011543153504865306,0.024913430557671902,0.0027929558899558787,0.02831858833139221
36,3,3,0.0037523347058620506,0.0027774825839190845,0.012653280193591951,0.978038439701059,0.0027785244924055266
37,1,1,0.03458768005991323,0.8141795568936047,0.027446268945610683,0.0074017135261055704,0.11638476058625516
38,4,1,0.03914917303324042,0.44491633397656005,0.1602579787518929,0.02884055900035025,0.3268359939809755
39,0,1,0.2669786521530234,0.3051796855348441,0.16127080084636672,0.03411005862195011,0.23246080805922215
40,2,4,0.04106544016426248,0.11812415554712924,0.1257920327383792,0.1293926026005331,0.5856257456666316
41,0,0,0.5670406832505337,0.11399295952663849,0.07398100512767745,0.003363112891319347,0.2416222445414734
42,2,0,0.3702130305507374,0.09668250667006667,0.20441072831341398,0.07926743323586607,0.24942629191669008
43,4,4,0.04052003605915664,0.10518452710415782,0.03037281223957269,0.017179984120242145,0.8067425859013678
44,2,2,0.09364717782498116,0.2784242434566193,0.3478209876166703,0.021099899121840487,0.2590076887202598
45,2,1,0.08686992009390877,0.5195486644493235,0.2302328476444816,0.007424559991706768,0.15592398863533438
46,4,0,0.35346811952276413,0.16368875448083783,0.28521261199814985,0.0053847548532408125,0.19224579299858302
47,3,3,0.004430806095549767,0.006291603997042797,0.01720086674404242,0.9567064951550446,0.01537017948641426
48,1,1,0.14351554995600047,0.5172780376631713,0.14137924541666597,0.007731908861704598,0.19009529568132366
49,4,4,0.02775668968904295,0.027324937374609715,0.33609698744289707,0.01949569382652841,0.5893257103865056
50,1,1,0.05102137960046156,0.6500293321750019,0.023890447917699245,0.03024591918955212,0.24481292819533668
51,4,4,0.024736196733768312,0.21362357957498446,0.3506357161113506,0.01907912698436214,0.3919254100253279
52,2,2,0.0691417210550235,0.13412773707334386,0.4513455345866771,0.007254563473260769,0.33813049093661707
53,1,1,0.011658793826582897,0.8853018316426964,0.021590491899657446,0.009273977363489514,0.07217491653657693
54,0,4,0.3555345431438872,0.08363570158117463,0.11212286450425837,0.005057845590444045,0.44364900317758765
55,0,2,0.20792068207414385,0.026823532341535453,0.7036433407931895,0.005681583929977075,0.05593090379512492
56,3,3,0.03198339245941083,0.01470654684381954,0.09195652514777483,0.8279042174899175,0.033449317314019324
57,0,0,0.290832344548296,0.18036588097172335,0.24096931256677373,0.018368403406570394,0.2694640595310913
58,2,2,0.1955668183113836,0.06266848216603679,0.4022337710646623,0.0031033081598570394,0.3364276500770996
59,4,4,0.06265441876285727,0.08429227480101036,0.3238944688131708,0.012321822375670734,0.5168370228841359
60,2,2,0.050402742157009225,0.06697477970534854,0.7690965476169834,0.014269724718013556,0.09925620086663572
61,0,4,0.12054747020986475,0.2595468408026801,0.27304924954213344,0.006236169319457297,0.3406202757137998
62,1,1,0.03562380677931847,0.8944425821511407,0.020375522440580655,0.0031261756741790842,0.046431898699724965
63,2,2,0.0982177974871142,0.09635663817683326,0.5150428084627766,0.023594371162934353,0.2667884090178607
64,3,3,0.013357987124785451,0.01618669085812549,0.036258447849634654,0.8914628398047341,0.04273399655102385
65,3,3,0.0016515800320019613,0.004357385792308573,0.002593770901734194,0.9857734538644474,0.0056237912487177135
66,3,3,0.0039621596288130015,0.007280193010639771,0.008870232506161807,0.953863445911064,0.026023935479737244
67,4,4,0.3264283093175057,0.14685695030285661,0.11991238439440158,0.02016048114184225,0.3866418832252969
68,0,0,0.40959704315531276,0.05750434106960186,0.15095233749197143,0.033690844751056825,0.348255407455025
69,1,1,0.06039918891332151,0.43584795156477624,0.29186739803579836,0.016173158702799,0.19571231032701777
70,0,0,0.3191041364522681,0.13124444885412556,0.27134878194103135,0.003833711356677566,0.27446893860208205
71,1,2,0.04909630254874907,0.08073651418790273,0.6857043931124311,0.02736859661843924,0.15709421318338418
72,1,1,0.03961660215683123,0.8332909694422179,0.031429101115759375,0.0050217400274986945,0.09064157722269212
73,3,3,0.00732893588238613,0.009645367905174377,0.020771341149093868,0.9435577257887628,0.01869659776095529
74,2,2,0.015223202201462168,0.009657785496645444,0.9333230313619698,0.013765288761955567,0.028030691619173424
75,2,0,0.5799223270875656,0.048722148288361564,0.14484966564219837,0.013293379383322783,0.21321245016875828
76,3,3,0.004581947683325488,0.006094698320002531,0.004747256398061069,0.9667383115781545,0.017837763237977994
77,0,0,0.5176609466994375,0.1358652176701897,0.21995344960818242,0.004496952487951891,0.12202343516405306
78,1,1,0.016431113937890873,0.91833969034561,0.018861127510330908,0.0037646208422922075,0.04260352004196137
79,2,1,0.03928250340906563,0.4611078923209232,0.2660085814333933,0.010174573530516033,0.22342643510343255
80,3,3,0.03458939180399398,0.04784322333435927,0.19700755100163328,0.5121422011224934,0.20841764735928447
81,0,1,0.02505967264716135,0.795124805673504,0.04333887883903773,0.007881813942573052,0.12859484435767865
82,2,2,0.13120968548550202,0.06795373272343791,0.584856522150542,0.004375425115859489,0.21160466267388342
83,0,4,0.37689793097584867,0.12260291004649021,0.07446575289325852,0.023724158866979858,0.4023092966706515
84,2,4,0.06124056702821308,0.2094081198723341,0.06488643025659371,0.009552266745782223,0.6549126208235391
85,1,1,0.0836039221727726,0.6805045852443818,0.0677230465744807,0.016136670745759106,0.1520318009671088
86,4,4,0.05609750679948351,0.10306492942890497,0.06464712885380201,0.1668412849048291,0.6093491626789674
87,3,3,0.024315741230500922,0.013375698754773567,0.033372180624293125,0.9033198042621554,0.025616570657928574
88,3,3,0.01079479747747672,0.010859151222144429,0.04920028290856312,0.8999266611086382,0.02921912544396774
89,2,4,0.07448096125270565,0.24639652097873638,0.3315306057744866,0.008988130564260323,0.33860377770452077
90,2,2,0.11011461332247374,0.06886479430054071,0.7114817342410403,0.004920257015788781,0.10461856889639536
91,1,1,0.32336773379575445,0.6232520880443309,0.015944761783922887,0.0025142459949653684,0.03492115240067997
92,1,1,0.050322034691975825,0.9026165518090855,0.01389205856478313,0.0032490826494889742,0.029920210025752444
93,2,4,0.19550464143368385,0.06912199516262664,0.2430816691650932,0.026282923361189467,0.4660087868961552
94,3,3,0.05457981403972753,0.07006454529003305,0.11354844974576998,0.4337441519440319,0.3280630522052182
95,1,4,0.01829698896367396,0.15488919702968426,0.012187825233256991,0.010113925115846254,0.8045120608170048
96,3,3,0.003986540711482252,0.0018550164795726935,0.003555354986266533,0.9808639574520919,0.009739018867991401
97,0,0,0.3797652917887153,0.07969346838911744,0.2094028995077364,0.006542189271745075,0.3245960908792474
98,0,0,0.5036855182783622,0.10143425340085448,0.1862888371242648,0.027656513450014523,0.18093489730427814
99,4,0,0.7811533687848113,0.09142849969056557,0.03806071348742607,0.005868423953311598,0.08348904051031583
100,3,3,0.004941888263598176,0.0012741832012352463,0.0019356180303178516,0.9848347180194372,0.007013606140928644
101,2,2,0.053436862456775376,0.13775774572182078,0.6364545372130255,0.018173651706582052,0.15417720052692382
102,4,4,0.12598734332915287,0.2300114345710012,0.09455380733227237,0.013491490525692068,0.5359559452897716
103,2,0,0.6860318954374718,0.028157181496486983,0.15640665264701797,0.011778173739154893,0.11762602440923661
104,3,3,0.06343490179403793,0.08673321506964288,0.27543612625931035,0.46364069830419413,0.1107550717975953
105,3,3,0.010630135722586039,0.005465048603561273,0.016352942459332175,0.9536737488793661,0.013878128852068933
106,1,1,0.07725575588894079,0.604037925409572,0.03393667815382396,0.010730551375720473,0.27403910952134103
107,4,4,0.035854954269262974,0.07140388250965066,0.020165203084181182,0.002023700120039474,0.8705522784221281
108,0,0,0.8750128477037802,0.06526710165257645,0.01541756748000037,0.00518727853832035,0.03911519275095977
109,4,2,0.36145273395778277,0.05756737642654066,0.4150044487064441,0.02152145557006853,0.14445398482693653
110,1,1,0.17972076740648457,0.3651300935351904,0.22477483858314348,0.006586966000606919,0.22378734462599076
111,4,2,0.29795197344538643,0.08790485155226876,0.3442965727260917,0.025297659958427057,0.2445489418055988
112,4,0,0.36306279112533363,0.22180373925914543,0.19774052252477559,0.008981030749679916,0.20841188840138816
113,4,4,0.07413874553747393,0.11844086288255884,0.12670571889695553,0.007457373760312713,0.6732573106340803
114,0,0,0.7185159435647793,0.14904486078046894,0.03759147259610635,0.00881516842774853,0.08603256034688922
115,1,1,0.11296730322775173,0.6795423525615945,0.09113766649918073,0.004211326521792576,0.11214138401880129
116,0,0,0.6762903802092501,0.06580242447801907,0.10282382794637528,0.016584352019281063,0.1384990269129368
117,4,4,0.034186692067640315,0.15072711951539128,0.11747967551135663,0.010196643482425691,0.687409894662028
118,1,1,0.012162667935204971,0.9483376291206213,0.0087923784493412,0.002428306329403754,0.028278973368813017
119,2,2,0.08062602136005831,0.058111842840899965,0.7372503426170263,0.01686056025049059,0.10715126236131814
120,4,4,0.0766880052851359,0.07468398066801665,0.03695261038104254,0.03956792487642684,0.7721074813039491
121,1,4,0.06915437590604748,0.18303698939779758,0.0927501766454829,0.11331866319284092,0.5417397964410795
122,3,4,0.07893807688600452,0.14228216155861723,0.25854308566883966,0.2066748195927773,0.31356186625891297
123,2,2,0.07849173907350454,0.05546216719607774,0.6687055279968344,0.008608924890801478,0.18873165327593822
124,2,4,0.10098615842668288,0.09015805136963773,0.34707156071874806,0.015378238978611262,0.4464059918567379
125,1,1,0.016445341479034557,0.696210895097972,0.02877986788684646,0.00594632079621276,0.25261758053741734
126,1,1,0.026205805757686666,0.7835352536255268,0.036848541911585014,0.005720904153468521,0.14768949813732496
127,1,1,0.023813579754648834,0.726176163271694,0.048027778172710575,0.00480002424653423,0.19718246693518193
128,4,4,0.04791861834541143,0.22320150557594426,0.2150965265113371,0.016505778035196657,0.49727758000714606
129,4,1,0.019812081705205715,0.9247017744222291,0.01587290384001952,0.0029319436796959833,0.036681293733505024
130,1,4,0.15975924373143766,0.18771467739305758,0.07515431042684828,0.004049261402564071,0.5733225092347004
131,4,4,0.062427828787437904,0.0555893774109228,0.2727442659984554,0.2160237994524309,0.3932147222505901
132,2,2,0.02468510580347516,0.03334194556079228,0.7953006179375766,0.007292397235882484,0.13937993856708544
133,4,4,0.007504014791416577,0.05470755985268424,0.019603923393125645,0.010969157540374856,0.9072154066813127
134,1,2,0.04553018286941975,0.12829069480358096,0.5070713785975667,0.006973109275829189,0.3121345943136004
135,0,0,0.91270472117213,0.018750567361059896,0.025865964835574858,0.010722091249994879,0.0319566776805954
136,0,0,0.9365243854334537,0.008975382066228494,0.012459522702163096,0.0031000013012413155,0.038940757251650186
137,2,2,0.2391775099613903,0.045193017736763555,0.5619901426609223,0.0347559397737525,0.11888342581622272
138,0,0,0.874985802330176,0.03113989804900994,0.03192094619403904,0.001864982457793275,0.06008836500851733
139,0,1,0.21133184242346728,0.3234489650289802,0.25406838147911115,0.004743604838554194,0.20640720099119772
140,0,0,0.8076958709554233,0.09937680142927925,0.024664033441521252,0.005079191245566979,0.06318411320768216
141,2,4,0.24417640637251944,0.11011244901235809,0.19211686880995668,0.01936600507526049,0.434228326702392
142,3,3,0.0053285434896735255,0.006321854194099887,0.0071285380957007306,0.9734205695576128,0.007800492974890857
143,2,4,0.054297197906333396,0.1980004934554107,0.2811578911909952,0.022718944699680506,0.44382540233959356
144,4,4,0.04210711733995757,0.06345836722588627,0.06856150930852525,0.005766859764479479,0.8201061434042023
145,4,4,0.040630640201145304,0.08755244437990374,0.09404884081372863,0.020291314749638037,0.757476770193265
146,4,0,0.6607059604553143,0.020598219087666216,0.18366608763611592,0.002543002733970712,0.13248678827131083
147,2,2,0.050985992863512346,0.05505695627357231,0.6578717743265368,0.01022883674963285,0.22585646344233906
148,4,4,0.008472407570531547,0.03430606040248552,0.05320309314765706,0.004475352508114973,0.8995430483266837
149,2,2,0.16492185244462623,0.183429507413106,0.37936679520825445,0.012969794016456919,0.25931206064987733
150,3,3,0.010562457123074034,0.0047418123864846696,0.0586499019050423,0.9094925676147074,0.016553289701993004
151,0,0,0.5053485512574936,0.06264398296340848,0.1958051622731613,0.07579987496505447,0.1604024490299788
152,4,4,0.08096884727131284,0.1292619100461378,0.2114174782955138,0.007312870540478644,0.5710388822050247
153,1,1,0.028932325309865097,0.9063625219627118,0.01793585945581709,0.002499792277043944,0.04426948972555886
154,4,0,0.41438522850420256,0.16798432953881076,0.07819448963807601,0.009793724107144307,0.3296422282117663
155,1,1,0.06267936586974024,0.6375326863936002,0.029640553711705087,0.015546526800309279,0.2546008579114196
156,2,2,0.04569696013407591,0.05165822423227303,0.6196890804331665,0.025918445212418907,0.25703733245637517
157,3,3,0.003663696317927302,0.0017746112051029142,0.004990029617114793,0.984461376681343,0.00511030610590479
158,0,0,0.5604190323281792,0.03821335217424492,0.22522631373819663,0.003918652075836752,0.17222264051001507
159,4,4,0.2282995694588424,0.08210509317657756,0.33019757243786657,0.01363977706153025,0.3457579193198417
160,1,1,0.04871712367248884,0.7479213911400868,0.03643393929359485,0.06940699406449041,0.09752057604372598
161,3,3,0.023867469659237202,0.024342517131677295,0.20798621251808208,0.700795634829229,0.04300818188052286
162,3,3,0.016242235319157694,0.012718027794390602,0.04093383461375991,0.8958263179716892,0.03427957009833332
163,3,3,0.002008058281073372,0.0070552146482189115,0.010707928832453719,0.9660285859578855,0.014200203688917706
164,4,0,0.6192569203222942,0.04217845326843595,0.17762830520602368,0.0037836041112458423,0.15715277027051938
165,3,3,0.00771832892985429,0.008546869917076573,0.0673788017440439,0.8910457107703268,0.025310302981066103
166,2,2,0.07438972790530995,0.12461041000669613,0.5679252765995049,0.014298834426553185,0.21877570579965872
167,3,3,0.0030707641799463206,0.003997967929936765,0.02759630829466349,0.9549379271705902,0.010397050658412985
168,2,2,0.21535088007897213,0.0388754436942725,0.46023011864946406,0.008694893612000331,0.2768486738140273
169,2,2,0.04405064617993305,0.06754074903662396,0.7561169834355268,0.009960739487369507,0.12233088195367896
170,2,2,0.03389326442800646,0.02204041378153901,0.915598527524885,0.0026815600793259784,0.025786229331724694
171,1,4,0.22031361393617468,0.23191539461562238,0.16542182394749416,0.010945346633382688,0.37140384028540174
172,0,0,0.4665337232796938,0.04173772225515908,0.26352275361907895,0.025194716201132755,0.20301108261930878
173,4,4,0.037602072899431446,0.1084522397334488,0.13291411074178958,0.0038534346124286926,0.7171781093234791
174,1,1,0.028966972728959896,0.6139879259802692,0.04864802685298087,0.0056629719501543295,0.30273412260420335
175,2,0,0.4456574220922741,0.036732024593546665,0.31110341568635824,0.047772856149775285,0.15873427551758124
176,2,2,0.04827046075624561,0.07724478830329028,0.7059093052662312,0.003889515449440141,0.16468592930511164
177,2,2,0.1027939071414341,0.20818594513446406,0.4763886979396632,0.01071209189225563,0.20191935481881856
178,4,0,0.6179839285015226,0.12501494214178738,0.1347568620010522,0.02423694772296501,0.09800734533717582
179,3,3,0.016088473301030456,0.08386223307986436,0.05562707725300987,0.7664843982401346,0.07793778310823188
180,1,1,0.07020421225845457,0.8442472052481589,0.024957993738251156,0.004371007906301604,0.05621959775233846
181,3,3,0.0029514424140053602,0.0035153662764610583,0.006790171733105914,0.9763192517537715,0.01042378458646244
182,2,2,0.04140351484464974,0.08981607678817785,0.6394781493059924,0.010678437808802848,0.2186238825799686
183,1,1,0.047116161405920176,0.5984576908896446,0.08831629340765088,0.003596001065358476,0.26251385306844466
184,4,4,0.04839601261803303,0.1829797757008959,0.13150589569773188,0.02342318704664389,0.6136951381102227
185,0,4,0.054180395803670116,0.031318798425436764,0.11680412000422744,0.006762729522893841,0.7909339569422638
186,2,4,0.011839442519093479,0.04064169404212187,0.3436777091333719,0.011423473742864353,0.5924176927861571
187,2,2,0.2522856012407708,0.046640195513523205,0.5351422087055442,0.014436455229645442,0.15149557153427745
188,4,4,0.021214010555063608,0.12179560410448473,0.02371339046577159,0.006085570064436123,0.8271914757768719
189,3,3,0.002352878050317526,0.0030750053986057066,0.06169116809392997,0.9273275378005388,0.005553416285288854
190,4,0,0.6420537829238161,0.066658310634612,0.11045212992812538,0.008505360885040014,0.17233041804984517
191,4,4,0.05635743008788792,0.23885073930426648,0.30323032289924423,0.022940876706615206,0.37862067160765045
192,3,3,0.0030529991226217737,0.007593915862109955,0.024557097040042206,0.9457529747981237,0.019043024585803914
193,0,0,0.899299610547003,0.016002151678700748,0.04026767132722101,0.0026329961257745334,0.04179765836620844
194,2,4,0.09212341531110801,0.08068861641467837,0.2843116702465401,0.054315774100870386,0.4885605117730435
195,1,1,0.015821292256900255,0.9097687771722226,0.023991771815071936,0.0026513580573346122,0.047766730988975895
196,2,2,0.08132762621672779,0.0906223387490987,0.5920020874633193,0.010257899848178294,0.22579006402082102
197,2,0,0.7907584290647006,0.03023065190271121,0.11965623536160994,0.007587162372406555,0.051767513289197584
198,3,3,0.028751495780194626,0.013112375586662225,0.015395263654452871,0.9011532153282427,0.04158766252598222
199,0,0,0.574498684446751,0.04629478202698333,0.0332593408759564,0.009257489212949402,0.3366897035304921
200,0,0,0.5315416710703224,0.03970692979341469,0.20559950301204813,0.01022858703683532,0.21292326382510238
201,1,1,0.20643152226297778,0.5393789540430435,0.11498673584055573,0.005789949140745449,0.1334127967100294
202,3,3,0.021955406173021438,0.01857525919523984,0.01211267860932162,0.9127956364682057,0.03456101932138078
203,1,1,0.07094761393440065,0.4093336530336914,0.2396916022654294,0.011965910898087477,0.2680612455728941
204,4,4,0.059813519385786336,0.18584829520691887,0.20474072321846076,0.010322512007267599,0.5392748825675475
205,1,1,0.031143360078869777,0.8009239467450129,0.04319753645260837,0.02430677253870281,0.1004284660014944
206,0,0,0.8219144291947635,0.016213869765799846,0.06001969317086654,0.009083163956283752,0.09276881783525434
207,4,2,0.2353059463607669,0.07563927671207077,0.35863965564582145,0.005441733379889015,0.3249734329308984
208,1,4,0.029026014915031956,0.34840254942816173,0.13504391531934043,0.004002890328090494,0.4835246554810478
209,4,4,0.01950230601416654,0.14554749082247936,0.02801688672626599,0.011209861673440617,0.7957234657183293
210,0,0,0.48399409502595286,0.3087609264464035,0.07176453734738955,0.013748947217210547,0.12173147626791458
211,0,0,0.5054016676390691,0.16979697828096751,0.03346541386371521,0.07279789324338863,0.21853803970854346
212,4,4,0.11046824473605626,0.3444562067697754,0.04370353782469504,0.010539369880478414,0.49083258900745974
213,4,0,0.6204855776212479,0.04696593746688794,0.13960985703266782,0.027489817156509402,0.1654488181267015
214,3,3,0.0021704054305393093,0.0015897387065957694,0.004188070160839789,0.9887634530066316,0.0032883201050766075
215,2,2,0.046933118321119044,0.049681333281840254,0.8057735820862406,0.011114522055929178,0.08649744183343228
216,3,3,0.006690253383399906,0.0035721163655370383,0.0072347278534950635,0.9690876952111894,0.013415173338623677
217,2,2,0.07845996487323632,0.03600524004216258,0.7784491012414052,0.014914855699831264,0.09217078822447468
218,4,1,0.2172348562134557,0.4229497091817755,0.043667109111796276,0.03169309138669978,0.28445524132402267
219,3,3,0.010821173123921914,0.005621832447415871,0.011873277151552517,0.9555932316446751,0.016090481287232665
220,2,2,0.07736188567652866,0.22214662966574442,0.49150563415598214,0.013817503003872779,0.19516837553068161
221,3,3,0.01057714550486033,0.015985536697563474,0.21706368216578242,0.7212830066861804,0.03509063648932627
222,4,1,0.1806060082744272,0.5649117631891672,0.11574062970493626,0.007311183257506196,0.13143045180241128
223,0,0,0.8803651309369692,0.017334729778474837,0.05456710627891278,0.0006696948593221995,0.04706333442685153
224,4,4,0.06572383329612225,0.18019447465883792,0.05836498690219097,0.004658317966331475,0.6910583988878988
225,0,4,0.22673526093019244,0.07758177723078813,0.1735956451202613,0.07791941917868284,0.4441679023829527
226,1,1,0.009188262574474824,0.8512880133410821,0.013668250070413118,0.013893357025244605,0.11196215363632879
227,2,2,0.05300556654167404,0.06819919212956352,0.6701519154382776,0.010465103386922067,0.19817822731733648
228,4,4,0.24783990645581172,0.10447784693711448,0.29429816407133397,0.031775129614287786,0.32160895571541975
229,1,1,0.04570899807735007,0.7097773176283992,0.040359884590093154,0.002856573093592121,0.201297207460245
230,2,2,0.017720470204645164,0.2829226028445625,0.5726853280490798,0.005044096935881399,0.12162751125577383
231,4,4,0.028416972468583337,0.05931702752277993,0.038653744843949886,0.002952539981381599,0.8706597141122843
232,1,1,0.005749260695033299,0.9781181306673717,0.0033824758083415064,0.004555374759590688,0.008194793227089832
233,1,1,0.05157464332096024,0.7119694259437388,0.13164636088056975,0.009184957917793175,0.09562460998116061
234,0,0,0.8551049082864918,0.029803270250233205,0.014336378177042667,0.03148326447017453,0.06927214845494185
235,0,0,0.9235744080348729,0.012169557977413578,0.023609520089897296,0.0022469462053786833,0.03839952673752728
236,2,2,0.023016531948089156,0.09845139955173643,0.7998108228226257,0.008315581354915669,0.07040557994480781
237,4,0,0.8345576777538545,0.024405863218591242,0.04145547910992656,0.0028242535188021706,0.09675663107796008
238,0,4,0.034692437185242855,0.06287224403876418,0.2502484036935247,0.00888715580819694,0.6432997349667522
239,2,4,0.0269606821977757,0.17492086354204456,0.11063203842063456,0.004282214585091407,0.683204205107801
240,0,0,0.5434397596656758,0.12326598327509207,0.17579755577127876,0.017238084381685254,0.14025862258733582
241,2,2,0.24386402129671134,0.09417674350383826,0.46282421402010476,0.01680103319721393,0.18233397587493833
242,1,0,0.43576152117329986,0.13300923884877877,0.1148299263823618,0.0385357260200747,0.27786360396676224
243,3,3,0.03979110021546329,0.028888272571324276,0.18727039638153936,0.6188371077752601,0.12521311637417354
244,2,2,0.14968482704183017,0.1702719439394001,0.3714235660215641,0.15068453366519677,0.1579351516837506
245,0,0,0.7742554655634105,0.02375107398220354,0.10631795740074265,0.008239178591143835,0.08743634783869605
246,1,4,0.04506514605275419,0.2556905366289979,0.039868725655860845,0.005233611458689388,0.6541419648368753
247,0,2,0.16193651128308534,0.16651742368677827,0.3930942331273926,0.033598891628608366,0.24485296411599336
248,0,0,0.5809087203668956,0.07094362584771591,0.1611557263895189,0.01535103810491227,0.1716409046577798
249,2,2,0.07934633081001993,0.06193388401824911,0.6064696138268452,0.010210690315143106,0.2420394902498362
250,0,0,0.719504233838825,0.09279549535561378,0.09082503461295353,0.004248929137389091,0.09262634142102161
251,4,4,0.006999599377257966,0.011199423731916335,0.036319128424999625,0.017986349794892855,0.9274954762260592
252,3,3,0.014597809572472904,0.01725425166296321,0.09942932087332962,0.8496285808247026,0.01909002598379298
253,4,4,0.04334575847357178,0.1184147140817498,0.2500119097267366,0.0063333930118258195,0.5818942592581836
254,2,2,0.24237274915276452,0.2771763412014126,0.3079704368788738,0.017779083369000487,0.1547013227152522
255,2,2,0.06427417267818893,0.021884206480646047,0.7611725059624722,0.047956952885761024,0.10471207482113883
256,1,1,0.03873166532284822,0.5632399089321339,0.12008805673513917,0.011276513864403075,0.2666638435039434
257,4,4,0.08827052675959035,0.12183751514410687,0.21075833201655755,0.007946869430605198,0.5711867395128046
258,4,4,0.060232606966916846,0.27975186884213143,0.27396124409875877,0.034180107181990715,0.3518741505584605
259,0,0,0.30236766944395466,0.22723708912841614,0.17997020457843366,0.02811993316926846,0.2623051317127366
260,3,3,0.005407699829595171,0.005129342241735447,0.0032888912534777253,0.9692538437142271,0.016920233647891164
261,1,1,0.27941794451624125,0.5133342135116901,0.10493499830574517,0.0052933105895131855,0.0970194701194043
262,0,4,0.18362853593606285,0.06888821571493307,0.25782247488291743,0.030727155731479446,0.45893362239122004
263,2,4,0.38530062214374317,0.06282506161694837,0.06672624469135552,0.014152672428115865,0.47099540060995326
264,2,4,0.031753337016166616,0.3274448276474367,0.17199823564309757,0.004902392916493602,0.4639011738545525
265,4,4,0.00848354828578693,0.013875068690975977,0.06377833549946678,0.0018872842223650055,0.9119757548612946
266,3,3,0.0034813848529759695,0.004743156936928102,0.014562008077247097,0.959935782987952,0.017277705329122373
267,2,2,0.14946208469787034,0.1548856166458132,0.3316166795127757,0.05972946494052477,0.3043061743195836
268,3,3,0.000940643592015592,0.0007846789032070285,0.0015947538718477975,0.9946565461007497,0.002023388481040952
269,2,2,0.010636826246725517,0.03393175105331071,0.8076792889042035,0.020088571022258007,0.1276635707828765
270,1,2,0.06883140535024268,0.3324562115047808,0.34621584637747044,0.0062175913953322675,0.24627895394034152
271,0,0,0.8560191377179754,0.04085010780693125,0.04038396831667477,0.005492822457394035,0.05725390237343295
272,4,4,0.005307626106017483,0.02827407171970289,0.013556800296207159,0.0022057169586369076,0.9506557756644175
273,2,2,0.10601130364179068,0.20760067070046798,0.4104378146422345,0.007407737178946775,0.26854246545465693
274,1,1,0.08588853234273326,0.6547948591933382,0.14176666593568854,0.007142812314284165,0.11040712743162964
275,0,4,0.14738097125318833,0.1934233291210915,0.12400329751810531,0.027880230654088064,0.5073121814186783
276,0,0,0.6219178317634753,0.09261532029182316,0.036743741339532086,0.018241847537327657,0.230481253666171
277,3,3,0.0028537468990905116,0.0013444707515965605,0.008531138591971807,0.9840805176392612,0.00319014682254496
278,0,0,0.6363980796189033,0.054305154056556004,0.16189667331763177,0.0035562404314092282,0.14384382812828206
279,3,3,0.01482462907602213,0.020594891904349318,0.05590747409231197,0.891937375111705,0.01673563107289711
280,1,1,0.148798077480978,0.5008461206798239,0.05380688466522482,0.026722037434814418,0.26982689799308124
281,3,3,0.010683726363829527,0.009568399426001309,0.022764691231564316,0.9011178506571247,0.05586535830537999
282,2,2,0.05842980702948123,0.10273497182370056,0.3549555460808115,0.3526893794700978,0.1311902937332638
283,2,2,0.1934200483180581,0.057495664777003436,0.5933649765381243,0.008271418980469885,0.14744791604310953
284,2,2,0.011312814879020628,0.01593116263542512,0.8947793616754696,0.001723960702553453,0.07625269339036722
285,3,3,0.0016443695634999894,0.0015774478915928382,0.002143195377316051,0.9871768392864888,0.007458218274537125
286,2,2,0.10446723233294786,0.14876178405748408,0.5509187136178908,0.011489184829911934,0.1843630663956155
287,1,1,0.14932366346246653,0.45468072511849145,0.16357582828883094,0.004103557591784088,0.22831621971766092
288,2,2,0.19259929837117845,0.06933558183534118,0.545337292252478,0.023917200422280707,0.1688106276775152
289,4,4,0.0053070819713950034,0.037241369141166186,0.018273078651443512,0.0033422416729156045,0.9358362347738372
290,4,0,0.4293627411982322,0.027195882765895903,0.36744299425227905,0.005271279302955027,0.17072708874362985
291,3,3,0.0017158463670637696,0.002044654957919521,0.002934689485688999,0.9905908430340669,0.0027139715831251384
292,1,4,0.274051127406317,0.15258894604683687,0.15636772671231494,0.04963444126555129,0.3673577049247996
293,1,1,0.13961885126671147,0.5343634018215573,0.10706923088028988,0.10141441358546731,0.11753409425033548
294,2,2,0.15733068555855925,0.1867191110738012,0.3111226036973865,0.04143446412050779,0.3033931612542483
295,1,1,0.09978684706623325,0.5868955673134368,0.05900840668420203,0.0023266666033978107,0.25198252936429166
296,4,4,0.10464207431278398,0.350833662839968,0.16279488615314228,0.04364071829995448,0.3380886382775837
297,1,2,0.09170560527259251,0.16563483659728664,0.6053466662653433,0.008437410928551298,0.12887549993520678
298,0,0,0.8619347178034507,0.01644857948899725,0.07023768593621293,0.005461396145365808,0.04591766216296031
299,0,4,0.07131184908625399,0.15415217066246362,0.08441883463416988,0.017202463974255906,0.67291474366894
300,1,4,0.03544019722811578,0.2970435292568179,0.20738403156074736,0.010802475111658586,0.44932977651677364
301,1,1,0.0339868624102043,0.8967124964270918,0.030599375109570063,0.0045400514486634265,0.03416119094887705
302,1,1,0.061367726067558775,0.547102186910241,0.1483799847952656,0.015578528041821466,0.22757158356818816
303,1,1,0.14918138266072598,0.45410430019750136,0.1602657168545112,0.010619461396928976,0.22582918880922248
304,3,3,0.017707441585316577,0.05665459328460264,0.12909950503951756,0.7205983422724547,0.07594010578076421
305,4,2,0.06838298461076692,0.16625003662337176,0.5620399273448418,0.017967317996284152,0.1853597521443191
306,2,4,0.029155446415502755,0.10063034743131347,0.359031010736457,0.006286279061112239,0.5048969283696758
307,1,1,0.048472991671323906,0.4322977238905699,0.19178542064300072,0.010567362701489,0.31687649557553027
308,4,4,0.05656072230043992,0.137283957319806,0.09285417242399774,0.0058158603816477325,0.7074852894134707
309,1,1,0.17787759545100001,0.6148654078773865,0.1171769994889284,0.005591691983797845,0.08448831590909675
310,1,1,0.008054865800416642,0.9390648332290279,0.017051085670720483,0.0013753683246615495,0.034453844763282386
311,1,4,0.025011196670714518,0.1464743413922573,0.014141029887418192,0.003417035465806126,0.8109564037433461
312,1,1,0.03157451574353648,0.8119751346334854,0.054043121380564677,0.013220774939689893,0.08918645308153444
313,3,3,0.048402575347090616,0.03568243716035885,0.09923575087060652,0.739279208479106,0.07740004676928944
314,1,1,0.03881633382744322,0.8310528616008557,0.06111066002596089,0.0049726366158561255,0.06404756460086283
315,1,1,0.056418243291288236,0.7927424191910579,0.057104792525827286,0.0073479820358586636,0.08638659215293071
316,2,2,0.1462084820255142,0.11320710466344447,0.4986289080594109,0.0295864662718707,0.21236905104038706
317,2,2,0.10806157038499914,0.12523645268264022,0.41317742820793574,0.0029384127903014437,0.35058616373410223
318,3,3,0.011001116208131623,0.004068589333427319,0.014618673794072841,0.9640654786733425,0.006246137171431597
319,2,2,0.17714989734884212,0.02272205305224591,0.71310048794099,0.008712406292640435,0.07831518758904255
320,0,1,0.16973405425686824,0.34864989260632695,0.2633757962833913,0.019359819629191657,0.19888044942454747
321,0,2,0.2768436733957673,0.06870681517280695,0.404399749443971,0.010996194888977968,0.239053622139641
322,2,2,0.049748966191909744,0.07451573966202096,0.4723083626236222,0.04957632443307769,0.35385061146658553
323,3,3,0.0013292290911876663,0.0013062373163936032,0.002494340621733384,0.9917327191565093,0.0031375113348343715
324,3,3,0.0013585216977980133,0.002014748661684726,0.003076177189781897,0.9917127589562234,0.0018378078368796176
325,1,2,0.09320362928519244,0.16874608572750807,0.6003955574345228,0.01993765994219202,0.1177170684371335
326,2,2,0.11974163642890373,0.021814918251039705,0.7752723142358373,0.011063436103657568,0.07210771346731476
327,1,1,0.010583992201437208,0.7511726977705624,0.05474888611487315,0.010763187907582272,0.17273118981194532
328,3,3,0.014698711976658172,0.013434680712364543,0.016195095683806077,0.9291989861375594,0.02647254735240939
329,0,0,0.5157554129819802,0.05265349388924946,0.04199295676716343,0.013554621148887988,0.3760435153058511
330,3,3,0.012706961129148453,0.011530906976960995,0.03504729043486052,0.8990209739461497,0.04169388637216252
331,2,2,0.03354019227676778,0.04059663570156779,0.8067422063427965,0.021301433531395658,0.09781954281111577
332,3,3,0.06377566312242107,0.033314213747375296,0.06399023982909989,0.7076347978108533,0.13128508870331343
333,3,3,0.0014073911669417085,0.0007938258149388899,0.0017115374150252285,0.9908145384200253,0.005272703900156729
334,0,2,0.29306140703897443,0.06617315995892581,0.34696743649929435,0.015619632526651682,0.27817836686325365
335,2,2,0.08832940049798965,0.04181912977794104,0.7354042794971241,0.03314676491394419,0.1013004361163431
336,3,3,0.007121241494407672,0.00660473330990138,0.06340843315282552,0.9094361831447391,0.013429485883578804
337,1,1,0.020305580129943664,0.636033752613102,0.11318033801943525,0.00937470940296141,0.22110564460773818
338,4,4,0.026097658198635847,0.16670570790413797,0.1216305598287781,0.004438273557825414,0.6811278392536417
339,1,1,0.05846243916353152,0.714396473900249,0.09292763400046959,0.007627830466213448,0.12658560188730755
340,1,4,0.11284863185183865,0.13482134310791588,0.12031824348395545,0.0039339914449534885,0.6280778136039484
341,1,1,0.058201933176078066,0.6675210628508683,0.047600845669533126,0.004652194506418437,0.2220239728542141
342,0,0,0.5660975884851916,0.074418733045093,0.10082794963635026,0.0036342114878883643,0.25502154421413303
343,0,0,0.9591022959584995,0.010284975604524623,0.005599354654606375,0.0027325984639500287,0.02228070095231187
344,2,2,0.03827725172408842,0.08791095795323106,0.6812162440794738,0.033012315685996746,0.15958325719303565
345,1,1,0.12579021463175669,0.47350597519845994,0.13105990874303852,0.07277559377508706,0.19686831691831733
346,1,1,0.058589315691330114,0.633951625886716,0.07978772891921686,0.015388162856212115,0.21228317678629943
347,4,1,0.06632230250065668,0.5360801025459813,0.016233071874036116,0.005083405097804456,0.3762810661999863
348,0,0,0.5844871885120078,0.10275072434942682,0.12082995753266478,0.006056991363216979,0.18587513895281718
349,4,1,0.25725210761484774,0.3621351312286742,0.0731182872048066,0.09425399230130727,0.21324048127783518
350,0,0,0.7229999640576792,0.07552092621066062,0.035245645383222786,0.026427948115895876,0.13980555311291554
351,2,2,0.03682305390331268,0.1040966343971557,0.5017153315756322,0.06328709466923729,0.29407790370858466
352,4,4,0.14214725929617683,0.14495540870744178,0.22490611431430726,0.009657653407532144,0.4783335918416902
353,0,0,0.7806806429190571,0.023169921282830973,0.10111042427630168,0.00884466128565658,0.08619434992765301
354,2,0,0.6044375274911564,0.05292578073761662,0.13538958385675287,0.006979292196351569,0.20026779699853872
355,0,4,0.16821440591667292,0.1437721952904828,0.17072107791116703,0.003927891961731491,0.5133644397232876
356,2,0,0.7015519429089736,0.05394873612017418,0.101644193652774,0.009529810980317233,0.13332534157660275
357,1,4,0.06905647579447441,0.35075775811687515,0.15817196457617644,0.006772242571167767,0.4152415482310967
358,2,2,0.03409419341450373,0.018445830296985013,0.8520267187191668,0.009037421584042483,0.0863959052291355
359,0,0,0.45875923440626293,0.43288748193224147,0.05437311179729004,0.00499552174850888,0.04898459507453255
360,1,1,0.0457318788040377,0.832171422113281,0.015937396154326985,0.01114268861094881,0.09501658116232191
361,1,4,0.03960702478927442,0.13339119843400463,0.3623412416894773,0.022852553823697924,0.4418079893660522
362,0,0,0.9126840549775843,0.03364588157863341,0.01528662056747995,0.006208363922547052,0.03217513376208875
363,1,0,0.47036024405617116,0.09857896530404547,0.2595534750065843,0.009050921429769711,0.16245640899981675
364,0,0,0.7408809453141727,0.06075226875473355,0.1027490403231362,0.008044697151544206,0.08757304645989057
365,0,0,0.3844175082420904,0.050751183428845506,0.17916783937562517,0.02237908915236202,0.363284406250638
366,3,3,0.0058808635489528025,0.011515591581768257,0.027303990659384044,0.9391449467523123,0.01615462780698078
367,0,2,0.2288591614355596,0.010581310407277472,0.6913530447727709,0.0064417728428190785,0.06276471037859163
368,2,2,0.042028704346980826,0.13444464490059937,0.696162410008454,0.004272850480261173,0.12309138759779376
369,4,1,0.05095004961847707,0.5578995951485982,0.0382355740690669,0.006380962840966531,0.3465337930840495
370,0,0,0.8548224852211989,0.02887025224397185,0.057147391034222166,0.00256202344822716,0.05659785184751946
371,3,3,0.0037985082455678117,0.0019122959990155145,0.0037222664560288316,0.9800004074755999,0.010566562502211819
372,0,0,0.537428445725201,0.15165722453884578,0.08867419061201487,0.02319479667113773,0.19904536536333595
373,0,0,0.5172603976179624,0.19231523976780257,0.13333381652480075,0.018074971462251215,0.13901560033168608
374,0,4,0.053896359144529976,0.08540907934140718,0.17197736345342352,0.004793712007436488,0.6839234909426464
375,3,3,0.002575173117386452,0.001525393658207768,0.01829968812475974,0.9691029812628089,0.008496803496626962
376,1,1,0.02506138402812721,0.8511638310543217,0.037228282434046696,0.008066394898550098,0.0784801234756457
377,0,0,0.8935127931984892,0.022779527089289806,0.030640936985721,0.0013477315596109407,0.05171903084107855
378,4,1,0.08546524001653835,0.6344321680167789,0.09747814166754484,0.010105356173999566,0.17251904793153863
379,4,4,0.014766482258793253,0.3539456316615251,0.013272736667789053,0.00811853118433439,0.6098966205558647
380,2,2,0.21212060517733694,0.11100459089642165,0.38498015100605554,0.0690236219288803,0.22287103844188613
381,0,4,0.2666349643350655,0.0989876182994496,0.21809152735277426,0.01562577124217334,0.40066013609313716
382,3,3,0.0339697852863636,0.03321788010765141,0.05126111750283456,0.8100858832596507,0.07146536234197068
383,2,4,0.1866248452424827,0.13733729375523251,0.2952186526610701,0.011993935884759617,0.36882526724104864
384,2,2,0.0821444398694717,0.037872725232428246,0.5157559462407868,0.009645786094999796,0.35458113120048257
385,4,4,0.06544936471133082,0.2887115051818602,0.10768683652660084,0.004942652303734419,0.5332096422077963
386,1,1,0.06592577261547507,0.5391886696557462,0.24772254259782284,0.00792387095814974,0.13923916102974476
387,0,0,0.46072395860451476,0.09171132117330982,0.16123552400904706,0.016682657772302087,0.2696465478471844
388,4,2,0.0728615309162617,0.0945910374591285,0.49555170784332836,0.017621869470851533,0.3193738790836105
389,3,3,0.003348163204113161,0.0018565270804761682,0.009238582362431573,0.9766480936148034,0.008908700886533255
390,0,4,0.3859125970094198,0.059653465106878856,0.06905501904028352,0.02956642001900977,0.455812510000279
391,0,0,0.8593049434498108,0.01731463339577751,0.04959909542314083,0.01403354747155685,0.059747791063055916
392,3,3,0.003586809307476949,0.0016533477117513,0.00586129253583959,0.9859951667338455,0.0029033169119750163
393,0,0,0.475797154613587,0.05138157191363832,0.12968191818522226,0.0016493282374693955,0.3414900554321385
394,1,1,0.055377411663750625,0.4679249051574663,0.371983301210837,0.01090726419046548,0.09380713184045143
395,0,2,0.12643091323821098,0.0480377597343229,0.4552769033762071,0.03808763013895097,0.33216681828548855
396,1,1,0.10907693459227599,0.4111876243427498,0.1709584462223489,0.012857043412447484,0.2959200125249387
397,1,2,0.08148846328852026,0.15648713119535151,0.6202997846045764,0.018742887866622197,0.12298177225361007
398,3,3,0.011307349400324317,0.005286936546554213,0.009506416805438721,0.9613914205973513,0.012507887826202418
399,4,4,0.1885406675528103,0.2436832790162546,0.20385859692628078,0.0432934009918914,0.3206240752568015
400,0,0,0.6775389974358693,0.08197643557721195,0.0680177920362195,0.004702875693212651,0.16776388612583826
401,1,4,0.07819057992596033,0.2487116815824285,0.1752855680189247,0.13350802368075546,0.36430414790951815
402,1,2,0.15099866786161015,0.24775917234490155,0.46859678179679976,0.01233536397446075,0.12031001318403746
403,1,1,0.06504881678423194,0.640766374224766,0.0586995088078818,0.016851436958234732,0.21863386857999023
404,3,3,0.03880893376552298,0.02213629751343582,0.04086559082442521,0.8395627549673943,0.0586264143144879
405,3,3,0.029849212879795084,0.018920856072101887,0.05831245608027661,0.855411364406367,0.037506107953756224
406,4,2,0.037061412058736226,0.09080911082697674,0.4944186089803031,0.027365443071068706,0.3503454423855151
407,2,2,0.010387306316006893,0.0321858032183658,0.7554416185691635,0.009347572646893858,0.1926377812990889
408,0,0,0.713626243989091,0.048828581453254,0.10373621628705607,0.0069938974931855104,0.12681508985796075
409,1,1,0.09184409533157162,0.4391729368834821,0.12363516512130542,0.012911571677434508,0.3324362422552095
410,1,4,0.10863419410543372,0.29726746744096744,0.2554292772127162,0.004952072078663617,0.3337170106757706
411,4,2,0.13795712873829047,0.0965369799802099,0.6485742510278789,0.00820441540422975,0.10872723434888126
412,3,3,0.024694258574694955,0.043771405876910204,0.062583060838514,0.8062954309245697,0.06265579945435658
413,2,4,0.03829995243017266,0.0913255468638868,0.14709760268322025,0.008792241353195555,0.714484670522948
414,4,4,0.02745767614119217,0.11947873874324834,0.22562712037776533,0.004119497919754504,0.6233169768297574
415,3,3,0.013186922850635014,0.011839895613532577,0.011824322650084132,0.9452424739618553,0.01790639091928204
416,3,3,0.008776641841137044,0.016437722412926816,0.4165143884891594,0.5171981290614039,0.04107315367876293
417,4,4,0.24458058474096378,0.3277070075665006,0.12076303953301451,0.010296527006336653,0.2966528407806554
418,1,1,0.01826045286966644,0.6974346719455666,0.08221953007559668,0.016288657911126027,0.1857967072214795
419,1,2,0.06041057695654789,0.1779248867642792,0.4502398889812642,0.019142939465220162,0.29228171006786274
420,0,0,0.8356545554543073,0.00928001536952077,0.022398203569925407,0.0013020328530514997,0.13136524590261017
421,3,3,0.001049143683069588,0.0016086589030344565,0.0031090885944837906,0.9919950376798411,0.0022381392658174367
422,1,1,0.03036828283508839,0.4925714169523572,0.05975896364984726,0.004985752079128495,0.4123155845825318
423,1,1,0.006625545763177738,0.9801003661873218,0.004219503266022417,0.004437924784618766,0.004616655807907765
424,1,4,0.02562437045984614,0.25690910102988385,0.10811996153249556,0.010285494764080187,0.5990610675570813
425,2,2,0.0808947464736916,0.04242392645351262,0.5759525834743763,0.014000700192133645,0.28672804070545044
426,0,0,0.7483242225514357,0.02186964263054774,0.03676136257601606,0.08598808475594154,0.10705666792828492
427,0,0,0.7136203596059512,0.055248025915239134,0.0441779720665823,0.003953460245192505,0.18300017696909088
428,3,3,0.005449145320280604,0.002970103273451416,0.0056085063418133685,0.976579386270007,0.009392890785378165
429,2,2,0.039491562338523495,0.01983740819410674,0.8416675840107324,0.0027229776635229875,0.0962805132882222
430,2,2,0.05824798892002337,0.09895504540045377,0.541782960601582,0.010258245923656383,0.2907557476058845
431,2,2,0.04587954959630652,0.04579526475444649,0.6281111716688264,0.007681990901366444,0.2725320261058525
432,2,1,0.029672742351936038,0.7800604523759824,0.11746142914323705,0.0049537179831486665,0.06785167059922495
433,1,4,0.1270065645644635,0.28493395621327305,0.07300481563355166,0.007823428511087024,0.5072312710266761
434,2,4,0.14437342694883343,0.10694000584677742,0.3011828852932947,0.006517885534220971,0.440985800346636
435,0,0,0.6969605527111271,0.0612533712081815,0.07240298197927918,0.002058312151909742,0.16732477449601144
436,0,0,0.4055843808979841,0.24506989880113655,0.10670381387421855,0.009893296773925708,0.23274866143427028
437,2,3,0.07622127689863717,0.025860692837319822,0.29109708937969764,0.5109596832505986,0.09586126517745965
438,4,4,0.11888131326034884,0.189151395244736,0.1928857392442876,0.021742753597332118,0.4773388178385405
439,3,3,0.004139232793107548,0.005071850690558315,0.019895490771855043,0.962987229060986,0.007906195670679957
440,2,2,0.10780499084657366,0.02467581178080754,0.5736111194892124,0.17906610534020637,0.11484197962125162
441,1,2,0.09097335087801098,0.37830086110773936,0.3950759618958057,0.018501655102502887,0.11714812202837364
442,4,4,0.0936395508257718,0.07063819509819963,0.33728715648255597,0.12762866413892965,0.3708064308468398
443,3,3,0.024315529267154436,0.008482324835337954,0.046864612720725916,0.8992597328488492,0.021077877720838523
444,1,0,0.7329742415855514,0.1266603810717842,0.0509083198494564,0.005947041569861802,0.08351000288483006
445,1,1,0.01747833410847125,0.9279126055129279,0.030450623371713618,0.0018629691291518677,0.02229546453079497
446,3,3,0.005985132149572591,0.0058848357107648755,0.009262049870554696,0.9652290069638672,0.01363895351229246
447,0,2,0.19902851147096864,0.06324467591969457,0.4699776716528323,0.012253138763798048,0.2554959984674161
448,3,3,0.01028227194606409,0.02642077188760515,0.028927664068341147,0.7882239735744923,0.14614527707964278
449,3,3,0.028387191246270184,0.03804022405920946,0.2223641389958037,0.6513051200204869,0.05990334206950707
450,1,1,0.13762598069696408,0.48231559020598,0.23207333288107299,0.012041488566363346,0.13594362851124528
451,4,0,0.741180464198124,0.03060317145791533,0.11081779524866275,0.004534853539565411,0.11286370485716449
452,2,2,0.015108781055982045,0.03809537864016552,0.6678302637666983,0.00852165067840998,0.2704439552885375
453,0,0,0.9029262296963791,0.014960243779852347,0.017963726754553745,0.006744714563429352,0.057405090630739355
454,2,2,0.047262098361181656,0.16066588271857218,0.5235380936538745,0.05336267793495813,0.21517126875183268
455,3,3,0.0145022408425075,0.09810135167458511,0.06940772077375797,0.7527515579406376,0.06523714469412788
456,4,4,0.019969292968899398,0.06462622812829397,0.1614588606490083,0.005690289884351817,0.7482553422461529
457,3,3,0.005374565983299568,0.00310538885334244,0.0035169966981466808,0.9760504557817917,0.011952609278423726
458,2,4,0.06616266509571457,0.1106087465396656,0.2578502215016335,0.01228223479179964,0.5530961200571255
459,1,1,0.18094600841209968,0.7211708211195753,0.03999450370002559,0.004162091578075096,0.05372658136023631
460,0,0,0.5877362404415483,0.037138977798516194,0.1611119305004371,0.00363733690318864,0.2103755336812532
461,0,4,0.23788028580281545,0.22258900097056833,0.11774791625921069,0.01418215312004381,0.4076006625669455
462,1,4,0.18962136465397172,0.23754897214298587,0.16671300372129538,0.012909022229832976,0.3932076558783656
463,4,2,0.032818330362510764,0.05444245986180191,0.6241223849320383,0.00956566864383539,0.2790512198557116
464,2,2,0.10900543713003444,0.05213893622877391,0.6600689429985677,0.0039933570686938365,0.17479332338415043
465,0,0,0.4735365600298831,0.09845580645823328,0.058659069623202074,0.0068046913810366,0.36254383609293234
466,0,0,0.9403951396321699,0.023887870839295507,0.010650782102922616,0.0028533894214378686,0.022212802777049984
467,1,4,0.12079069259553843,0.16005472682313557,0.31239880068596954,0.012967513132519995,0.3937882643413978
468,1,4,0.04636892797627243,0.35743525450084795,0.06952427950666461,0.018416109709927242,0.5082553867693009
469,1,4,0.08900470233834096,0.2844710852049408,0.2004740877189683,0.008470500472521014,0.4175796157203444
470,1,1,0.027381518032710505,0.7570454005506472,0.08721108197728913,0.02532397459370137,0.10303795816295547
471,0,0,0.7232132520729904,0.052166858315788586,0.08705524678592166,0.007718643125360716,0.12984605811714714
472,4,4,0.037026485383812924,0.19873641157679575,0.015363107216528931,0.014586180709973078,0.7342878119463926
473,0,0,0.42173440907739823,0.14487595236285014,0.08581718287166512,0.033781929654028604,0.3137905217965402
474,2,2,0.0180962268569816,0.05096608638537245,0.8872294373733824,0.0068066288127570495,0.036901688418356116
475,4,0,0.8994165397781271,0.04479861840453117,0.01727755623557227,0.0027176457804093325,0.03578955018484543
476,4,0,0.5346988597340763,0.03433241366854618,0.3281608009373972,0.009139333109563637,0.09366860218960543
477,4,0,0.47272210958003963,0.1004275120076207,0.31168981177324506,0.006337108108700356,0.10882344353610077
478,3,3,0.012319821067119222,0.007097159724735117,0.020195523706820023,0.9457709519504608,0.014616555564926016
479,1,1,0.039596833762121766,0.8321205221544106,0.035251604121790556,0.003167745141839654,0.08986327060545052
480,3,3,0.0034411593583423654,0.003666994984353636,0.04021807173270118,0.9425876765326959,0.010086090383704518
481,0,0,0.7527399473827384,0.059023581985201225,0.08976831058836654,0.007691414927985734,0.09077672406781792
482,0,0,0.5130559959780916,0.22286615285306852,0.08036354799402254,0.06779080948226392,0.11592350393710178
483,2,4,0.10505869186520322,0.09457286430266867,0.23747948814420847,0.011265496730924975,0.551623469527506
484,1,2,0.1012561263587843,0.32130156857486003,0.34564195488846894,0.013853702140319207,0.21794669097153824
485,0,0,0.8524174612058503,0.01966298805683043,0.07959566371621096,0.0015501457611656112,0.04677379385638509
486,0,0,0.8719256918364651,0.021205493568293512,0.05810296011768046,0.003914176441992667,0.04485169631277375
487,2,2,0.357580936763895,0.11685917558550085,0.3600982489891937,0.032897009560193355,0.13256463394409446
488,0,0,0.5725003107804669,0.05583852649383524,0.1375497611206468,0.012349449926248736,0.22176185891907385
489,1,4,0.0322763845146876,0.15437216948162283,0.04514391007398008,0.018657629027665726,0.7495499278102356
490,4,4,0.023772625552140412,0.15577289417229734,0.08837708815172966,0.008860536745477678,0.7232168543422586
491,1,0,0.524587669316314,0.31323458767739576,0.051394671812311596,0.004109565645631914,0.10667345050718266
492,3,3,0.005082823729546198,0.0034050858476411035,0.005705068718603244,0.9748184886516181,0.010988529411702273
493,0,0,0.3252930385294906,0.22042837364103796,0.1853449816108916,0.01883541285386449,0.25009819937174604
494,1,1,0.2288148734254878,0.48923591261241167,0.09582747484841339,0.01363904156421914,0.17248272139132584
495,0,0,0.8118915040538698,0.025829527407105476,0.020070465070605947,0.007261081718199686,0.13494742539983948
496,1,1,0.02579818195869234,0.9022874040870759,0.017995569723573968,0.006336859913513137,0.047581956552090375
497,1,1,0.1485873561488454,0.5081192819243221,0.15376083854851047,0.005891915267558412,0.18364062194090386
498,4,4,0.04131408950311241,0.18680090659283,0.13282125673187678,0.02120364739242218,0.6178601193375327
499,4,1,0.08256635484093974,0.4459744292184944,0.16027737804376202,0.0919338621248673,0.2192479623608915
500,3,3,0.004674366625483314,0.004060443834791509,0.010249229991371168,0.9702899338602023,0.01072603863353545
501,0,0,0.7495892995264684,0.07877138505845364,0.07678887185829233,0.003335768565637637,0.09151465929836262
502,2,2,0.24121653192110382,0.03258481865946705,0.596268230028781,0.0047454366865863976,0.12518499013135925
503,4,4,0.03388679767616651,0.21912005080350153,0.13323656682738982,0.25191752233113596,0.36183905956783835
504,3,3,0.010973118600175033,0.0158313302931892,0.038886049421597055,0.9012098740940042,0.03309963213123208
505,4,4,0.00841585464586573,0.10535156755042133,0.014078270246573186,0.0014944710793029195,0.8706599194586783
506,3,3,0.002706623412597197,0.0035167939081682826,0.0033473548881856247,0.9808669377845574,0.009562305373314118
507,2,2,0.03498653089820178,0.03664793795920383,0.6787134938634077,0.0397856363343193,0.2098664266493705
508,4,4,0.1371946525634645,0.32431158438924684,0.2265004113319831,0.015026534653868296,0.2969668618580531
509,3,3,0.05562674824173214,0.0776911111070783,0.046179153921901674,0.7389670504981006,0.08153593688311303
510,2,2,0.1733077577959241,0.23675839221115164,0.4120633390163634,0.02085922203161785,0.15701132722230085
511,1,1,0.02537967106294002,0.9084568343220134,0.018821559031799273,0.0021298729102936205,0.045212050705458626
512,2,4,0.2930547425051921,0.10310982373109101,0.21011798161932668,0.0049999294709805195,0.3887175294254984
513,0,0,0.4352038999646243,0.05637892287696429,0.353072942430695,0.012277611117570588,0.14306663581047158
514,2,2,0.08236478868790029,0.23905760779096147,0.5540193003601802,0.015981913014795367,0.10857639207865703
515,3,3,0.013740777513613057,0.016818929510404226,0.03769721515471178,0.840737141438908,0.09100597233141433
516,2,2,0.09385169471266216,0.09895204273137626,0.48992571528165973,0.03678954674931638,0.2804810169162628
517,0,0,0.679985743898712,0.04865529041950072,0.17619220407592306,0.00556841201715561,0.0895983588088021
518,4,4,0.08372928360524216,0.3834460290081812,0.12242841497878673,0.01766417326793855,0.39273210808054804
519,0,2,0.2622734897094578,0.06582950855063954,0.5317685134705488,0.010798360551722458,0.12933010490022834
520,2,2,0.03320221718957192,0.016702955892133973,0.8633236664779189,0.011192876222260978,0.07557831178526249
521,3,3,0.0018016678832804482,0.004884417899292745,0.0027999681179012104,0.98386700066147,0.0066469643613661835
522,4,4,0.07386728996783283,0.0623042940209797,0.17560159451039825,0.003811284096436085,0.6844155656699933
523,2,4,0.14584235976033094,0.25245291440354767,0.25568464750983744,0.011816365864319407,0.33420371474370486
524,1,1,0.04897613319538728,0.731544530884845,0.10730829973927428,0.014336342851334236,0.09783474045408153
525,1,1,0.015211054672661425,0.9501646057770272,0.008971725136196936,0.0035608723233927636,0.02209175573459741
526,4,4,0.04798360273172435,0.09626645066885588,0.263187495489859,0.0749432450405985,0.5176191846485431
527,2,0,0.7606221259892632,0.03804878156032373,0.04193310233431851,0.005433254235787953,0.15396273996648463
528,3,3,0.0023263077278789773,0.003032032026461622,0.023047049424344646,0.9647200815431104,0.0068745087658247
529,0,0,0.5399585722472853,0.07304668411240539,0.124650356577791,0.013524293421634062,0.2488201412314679
530,1,1,0.1169616947171825,0.6657663392813042,0.0641302776688127,0.003090610944558525,0.15005109447791137
531,0,0,0.44121418642483007,0.1370003191809738,0.1768491240597413,0.004998514118581592,0.2399378640273414
532,3,3,0.00367158348946774,0.0025635028819395067,0.003901986291230468,0.9865345511785348,0.0033283746163244423
533,2,2,0.07615253313653064,0.06058263177517417,0.4417382222500725,0.034982978369815496,0.3865436587759264
534,4,2,0.22655782689692316,0.10520881664322768,0.4654125173648061,0.04882729155799669,0.15399354604693027
535,1,1,0.023282917038589406,0.8612234619782111,0.02662005858188358,0.0015052970631947704,0.08736828429053564
536,0,0,0.7047321257069205,0.04274273264230646,0.11971549003279264,0.0019132771775736616,0.13089638277574395
537,0,0,0.9020361000419588,0.018879959901157026,0.026877526285469404,0.0014409833744919325,0.050765480897889445
538,3,3,0.017146093038457398,0.02035233157246079,0.01994145030122515,0.8841264522980249,0.058433665641931025
539,1,1,0.0444943216339683,0.8427782572828431,0.02937850228700911,0.01063352249530133,0.07271541129517167
540,0,0,0.45403975041782163,0.04358138670455285,0.32158043427779726,0.003749188966478083,0.17704924149599538
541,2,2,0.1563180949457507,0.07992509092561739,0.5308495180117127,0.0224247328675899,0.2104825744252003
542,2,4,0.038956623968354115,0.040215583362750856,0.41622340598594787,0.03287070269347919,0.4717337264577774
543,1,1,0.10172774878537036,0.6814739959614704,0.0406251286947731,0.008647272080181772,0.1675258337562771
544,0,0,0.8334401074111376,0.03170862927074228,0.03984024897453924,0.01427999455886066,0.08073104016904308
545,4,4,0.029552684582783553,0.3928907562864194,0.16431572752346657,0.007244419842470932,0.40599642440756356
546,1,4,0.25121766235847587,0.07418696253180918,0.27745036123691347,0.02282090529285261,0.37432415197958085
547,4,4,0.07389066201681119,0.3452459660506453,0.20951589105795057,0.011425277848808877,0.3599222603952547
548,1,1,0.04752592293830011,0.7782554468143482,0.06497181279672937,0.042220270742701654,0.06702654223757237
549,0,4,0.2921608143509283,0.1300549770870184,0.2240308356635939,0.02777100680088966,0.3259823623722795
550,0,0,0.8878278945999715,0.05605417490680799,0.017578646395890206,0.003322820996505086,0.03521644903785442
551,1,4,0.016230539870932585,0.15687429802906486,0.10858081545914529,0.016410542513180717,0.7019037877363993
552,3,3,0.02360438730999199,0.025211400464503105,0.08341988797274193,0.8231488251276482,0.04461550126133589
553,0,0,0.7820404645162002,0.02188682651673607,0.0597616546905455,0.005824782229848422,0.13048626523346307
554,4,4,0.12633169005721354,0.23304873050740454,0.1540084481637103,0.018610352173169826,0.4680007707165986
555,4,0,0.49986823657980267,0.08527835474833448,0.34235852189324245,0.004342441312165887,0.0681524016011612
556,2,2,0.04441832283172745,0.060797624144883836,0.7369823236336972,0.01869053201869747,0.13911124635856156
557,2,4,0.06716960107360107,0.07688434961789348,0.36696967939435476,0.022288001584926023,0.46668839030843745
558,0,0,0.48064957225127847,0.152278026212952,0.14237175690446624,0.008792051429609198,0.2159085919909748
559,2,0,0.8014232839161234,0.022036603380281336,0.09361062767206356,0.004059002248631462,0.07887041516888138
560,0,4,0.3029822167212827,0.13339902606256,0.07798980616221332,0.01432848184343953,0.4713004927263994
561,4,2,0.09333896018877524,0.10895825160086121,0.4608004615980855,0.01116019235113401,0.32574216685743407
562,4,4,0.047158176197955044,0.21352574900211324,0.23172866545142626,0.14734304175858376,0.3602443895691345
563,3,3,0.0027639155716935922,0.004790244088842984,0.005901038558647086,0.9776729477245913,0.008871915907685587
564,2,2,0.24851441399751645,0.11677267599144885,0.37678469472379356,0.026706181511205514,0.23122200620888744
565,1,4,0.09506391752403286,0.25696669507555114,0.07357301978629788,0.00663975095300716,0.5677565369398986
566,3,3,0.003808333514754295,0.003844372660923343,0.006578878152145725,0.9801172962560458,0.00565113263509055
567,2,2,0.10536702056455016,0.07833966218145405,0.5180377788672108,0.011642239623739241,0.28661330343130026
568,2,2,0.01677857801297076,0.07036125937827162,0.7664062395324251,0.007277054508219962,0.13917684472625463
569,4,4,0.08150776965203686,0.11944172561652372,0.09868617512706658,0.029338715375228072,0.6710256085946432
570,0,0,0.9471786063161969,0.014781386261274149,0.022042584558299914,0.002371881158601512,0.013625534697425215
571,0,0,0.6025852981483114,0.10971026167297293,0.1346667439909675,0.01554927953167364,0.13748845819306138
572,3,3,0.01355043396537969,0.015755999170567497,0.059235803153652886,0.8887812535930915,0.022676495216147362
573,0,4,0.2717909775646838,0.12123764706206855,0.21165285268339606,0.02382346343542146,0.37149504528459154
574,2,2,0.019641975236017527,0.03140270050788775,0.877538488066565,0.014050831441016487,0.05736597625004246
575,4,4,0.012788318213038396,0.15185543471273577,0.027445727249035237,0.012834869011643582,0.7950756555982168
576,0,0,0.5996351504233459,0.11254580406216907,0.03181191034624366,0.020460763758318762,0.2355463764274231
577,1,4,0.05060080832571945,0.05043759988588193,0.31273081474332065,0.006807024317151224,0.5794237431818704
578,2,0,0.8372514325900642,0.05424311324201432,0.036294665759700424,0.0063571883015660045,0.06585362888452266
579,3,3,0.009696873073394067,0.005406230563849854,0.010123794237770153,0.9648771726248113,0.009895957765814686
580,2,2,0.07217459193551243,0.0420175615184908,0.7426926185216493,0.008664812125349447,0.13445041701658514
581,0,0,0.6416516383564049,0.22739903882250975,0.04638783527482021,0.006891483783293272,0.07767001244755496
582,4,4,0.016190216515494585,0.08475254522577176,0.02362509356608081,0.008513363253984265,0.8669187650241081
583,3,3,0.004088097224746317,0.00443614384701678,0.01059283856998498,0.9721073962119425,0.008775549431717308
584,4,4,0.014505024490652586,0.019027705122124865,0.026502598867413504,0.025280002499834253,0.9146846349335686
585,1,1,0.05042136457183827,0.8303421894917514,0.04614961755283802,0.0035176043266945713,0.06956924116993003
586,1,1,0.05979055366768525,0.6643598572876608,0.15288277268249542,0.013850156417715098,0.10911671871089793
587,3,3,0.005393825888237831,0.003282364136441056,0.010483045843814032,0.9687118266671457,0.012128965177028769
588,0,0,0.5613117996262886,0.26061501701721507,0.048226628754397295,0.007557868293318429,0.12228870214126442
589,0,4,0.08850439242561275,0.09922688879945585,0.15546449670155627,0.0035005349070292174,0.6533036868869492
590,2,2,0.02246067100066285,0.0248043245046106,0.8600479701105175,0.02670679596454004,0.06598023199354326
591,4,1,0.20478987804635274,0.56371550255343,0.0877264879981591,0.005371753484982322,0.13839637824303883
592,3,3,0.024428438444603726,0.009200799976537258,0.009545386756622361,0.9151585006324048,0.041666871582128735
593,3,3,0.003636094452179565,0.002284640294477978,0.013300490970464858,0.9696915434965487,0.011087303406206641
594,4,2,0.1057867080479612,0.2028949934398777,0.44571535988189326,0.020659813687800708,0.22494313933140103
595,0,0,0.910142796265801,0.011314357519298022,0.012734492668375593,0.0017836650488028695,0.0640247073802877
596,2,0,0.36567442743015605,0.21454007686139392,0.15835294767151303,0.06422295362657038,0.19720960465491494
597,3,3,0.021409772812006306,0.014267091819323454,0.023926226719294136,0.8901620116420215,0.05023490364302794
598,1,1,0.2389347395595675,0.6289012406053327,0.031679008922317675,0.011778484520015491,0.08870653328455368
599,3,3,0.0101315255814531,0.019983738024093055,0.06789315229736759,0.8106466198335651,0.09134500291340804
600,0,4,0.38768370550305137,0.07833124316942193,0.06099406571432756,0.024843613598498567,0.4481473687085054
601,0,0,0.7760805414920469,0.03363154973364432,0.07920763707632636,0.016298849963885864,0.09478145060509645
602,2,2,0.0629563713118188,0.06506005719043237,0.6547833153755889,0.002196994295587895,0.21500329119815775
603,2,4,0.08754660632293805,0.1343155678693097,0.32192821090769347,0.10009173240340996,0.3561178437536297
604,3,3,0.01717525627094441,0.008791825347513323,0.0796917920280435,0.8684629137651715,0.025878219293849872
605,4,2,0.0509693051096957,0.10482029498899832,0.4822721968619721,0.04520762567631229,0.31673058816636346
606,0,0,0.7030356643186592,0.03852231772842156,0.03508425268889997,0.002559436806672831,0.22079836883018014
607,0,0,0.5825665484197717,0.06851262333908748,0.15134800488585862,0.018525625441494865,0.17904722957875494
608,3,3,0.0055390477005726885,0.004296733144280055,0.007016050304143201,0.9784518833639925,0.004696282509689694
609,3,3,0.00562602106300188,0.011240018075906895,0.015881680291020623,0.9522420793039872,0.015010244782130745
610,0,0,0.7455704477472268,0.05041199861030576,0.07041913607925301,0.04321965729388879,0.0903787682786998
611,2,2,0.02042365666898948,0.09160188812567928,0.7860576222194957,0.014756396212123836,0.08716044760033652
612,3,3,0.012256544577124715,0.020488071301386426,0.02923592097622051,0.8919350439735981,0.04608443015545599
613,3,3,0.0026476740473680995,0.001355598153244315,0.0018816480572076042,0.9914641776985005,0.002650939785526882
614,3,3,0.0050657994099512545,0.005233025685595026,0.003456045924093719,0.9780619557496699,0.008183205274007456
615,3,3,0.003407800619265858,0.0018163614825491233,0.011446863314793805,0.9782378286410223,0.0050912107333163795
616,4,4,0.018370352110907803,0.048033590161534405,0.02022959116615977,0.0028088673430283315,0.9105576140962478
617,1,1,0.0217312288611498,0.5218619690857367,0.031667694777718566,0.013120568658411925,0.4116185389487668
618,4,4,0.047423137170542896,0.08617874125412427,0.3441757728052172,0.005593053996962206,0.5166292760535697
619,0,4,0.21247341174248316,0.13018994259461952,0.10358486041760412,0.009697341579949179,0.5440544507201126
620,4,0,0.39439341380212267,0.10797884857712772,0.3711472598217151,0.015551567680345282,0.11092893675451486
621,0,0,0.7807727194088957,0.04504999466787045,0.06972871531366857,0.0037249915078802816,0.10072356514348789
622,4,4,0.04819217616068763,0.39631986094388283,0.03415610061206768,0.011876704427501371,0.5094551653995734
623,0,0,0.6023245701488869,0.035471930988710695,0.02744592864820976,0.0026667225968471835,0.3320908708771268
624,0,0,0.6705252396130664,0.04950030715119133,0.1449264925374093,0.0029688399369128165,0.13207910865422673
625,1,1,0.03023513869715768,0.9135968178136122,0.012974146816266047,0.0034586462635729444,0.03973522971656767
626,0,0,0.8424005239940457,0.02454300916883781,0.05752581529012343,0.00365496617688578,0.0718756964062798
627,4,4,0.12059240348880855,0.15126521542001203,0.2142987426328795,0.0034193888466259297,0.5104242408572418
628,4,4,0.018616453110223204,0.13208061625160905,0.0709453638655285,0.01156222908679373,0.7667953530526681
629,1,4,0.05604760353404338,0.3583540593748028,0.0479892982800825,0.006426407413948307,0.5311826519793519
630,4,4,0.06746216802078786,0.21674935420254215,0.2863744811331119,0.010215183600158467,0.4191988368852576
631,1,1,0.041852279074372264,0.7583612657866502,0.04537761602782562,0.012587797617372585,0.14182107895622997
632,2,2,0.15795452814239697,0.1295532835057575,0.4634560385974014,0.011267457515796272,0.23776868897901884
633,3,3,0.0036376654386322364,0.004157403591941361,0.011693755322245192,0.9704260983253032,0.010085107962390608
634,4,4,0.05180200876401904,0.08453163764755264,0.14487105601495187,0.016621097374360072,0.7021742240409743
635,2,4,0.237713045949618,0.13006635491263957,0.13333996923338565,0.012950785591757268,0.4859298465012076
636,0,0,0.3121404297457373,0.18799289826872517,0.23139881687901298,0.052735934909483216,0.2157319216871575
637,4,0,0.6392821548236046,0.0865497258100619,0.05412368509502162,0.004180649480975185,0.21586378872517456
638,1,1,0.043857400130089624,0.6736539572018304,0.04092283623449213,0.03161102937579547,0.209954783763315
639,4,2,0.2663950475939089,0.04094577639037279,0.5113913896449304,0.012322176512071136,0.16894562150024892
640,2,4,0.017907082732591565,0.0780764651582354,0.09188877496244291,0.006615967696641364,0.8055117144792306
641,2,2,0.03634288935752511,0.10087527383987112,0.42158050829177984,0.05611697886934977,0.3850843547171823
642,0,0,0.7905702578559697,0.015514945509372088,0.046451635543955004,0.003484592589290486,0.14397857514872767
643,4,4,0.34986573434792256,0.06479064469342628,0.07983107342867968,0.0031023831013063403,0.5024101748129118
644,2,2,0.057379020195755366,0.07518668722485661,0.760882003954864,0.015521147249404158,0.0910311278709425
645,1,1,0.023877558504295262,0.8670041817936622,0.027296803327355665,0.0037157083994701977,0.07810570597256858
646,4,2,0.18056372143026733,0.15961053913401094,0.45329473111028995,0.005681117502540641,0.2008498981337733
647,4,2,0.06916931499737827,0.08160412556227092,0.5196463937863107,0.14368381190305676,0.18589635896638979
648,3,3,0.006571111665576971,0.008063049362159836,0.013282337675812418,0.9512572068970012,0.02082625790324617
649,4,2,0.12355308265884932,0.060894550457730005,0.47232419460873926,0.04770738313256181,0.2955208204345582
650,0,4,0.25147716502898393,0.12343414402833953,0.2934188273560574,0.008666828733849453,0.3230030586014953
651,4,3,0.03120343037126749,0.09195513587766412,0.1862360399349616,0.445866294555763,0.24473910522080827
652,4,4,0.012839506745684631,0.1745681780496047,0.03087531236988086,0.010993231187744387,0.7707237794236289
653,1,1,0.1868003060041517,0.5061705078529692,0.04567548552401533,0.006039814149269488,0.25531392591110524
654,4,1,0.09306714160840052,0.49629007602631325,0.12252640129551806,0.018762061653931135,0.269354330219179
655,4,4,0.057914584385680985,0.12998399132738064,0.016941291928866314,0.0034872760969350165,0.7916728525474883
656,1,1,0.13272417387093535,0.6448462745905628,0.08746886081807378,0.014264405980905937,0.12069626741692233
657,4,4,0.024517659347332434,0.05404189464586581,0.04782484895345442,0.0026588628163364218,0.870956747648056
658,0,0,0.8489930761116785,0.041522977380106,0.03379050695245352,0.0020314404517783853,0.07366197591405152
659,4,2,0.05030807189243388,0.08543346282287742,0.634085849185085,0.04851249986375038,0.18166013020569194
660,0,0,0.3570603265233694,0.21211017063827428,0.1483926362696125,0.011848292413900126,0.27058852889256657
661,4,0,0.514893699167458,0.06422548622336943,0.06770275996497903,0.008897272103724842,0.3442807886871977
662,4,4,0.04573832232830207,0.14622140062427275,0.10870775648074696,0.004382915920795335,0.6949496295587618
663,3,3,0.008460237199339658,0.006625847357308328,0.020542239132952805,0.9536473938632968,0.010724313355370317
664,0,0,0.8696862248588733,0.0203639786715412,0.023018634498621824,0.025538708366704115,0.06139243879623066
665,2,2,0.04350573030691285,0.07509801012012457,0.8169211583730327,0.01394843202428636,0.05052665846543392
666,3,3,0.009579835485502083,0.002459589347110081,0.010058623576809596,0.9652232498636257,0.012678705009864533
667,0,0,0.6787225172023466,0.030902795210350047,0.16788866123333884,0.0049611248500441895,0.1175249104446172
668,1,1,0.12214090903308363,0.640620504360391,0.08151367493551143,0.0023820969113414847,0.15334279741378953
669,1,2,0.09136179461570154,0.16606923995006057,0.37162985966322687,0.005204716446117639,0.3657343966707001
670,3,3,0.003546829897668228,0.006706459177869775,0.004715226587270622,0.9749673183539991,0.010064186530496596
671,1,1,0.02347411108361545,0.6244907746739878,0.03041971290540245,0.00857127076878348,0.31304415289666954
672,3,3,0.0013623702863114727,0.001390530176344263,0.004839709718154912,0.9886071141955675,0.0038002573755201623
673,3,3,0.005326056765643809,0.0037775981096965245,0.037118114809732615,0.9456175537169609,0.008160687459515734
674,0,0,0.9367589929556943,0.01306276852542271,0.01892937188157794,0.001389018302767602,0.029859758718022697
675,0,0,0.8096550866458301,0.09476160231461173,0.035869491318701,0.0045757376821355545,0.055138051305076693
676,0,0,0.7304964318662237,0.040187740833678445,0.11685002173207834,0.003922043486033364,0.10854374056843474
677,1,1,0.022251991802618554,0.5231574125731765,0.023652148191331056,0.06306696227249939,0.36787145386793596
678,4,4,0.031405396564948576,0.13832781246809417,0.12021277421636456,0.03805483052467678,0.6719991951666127
679,2,2,0.03121442514254488,0.028410363595309643,0.8937164068650486,0.004282300255435819,0.042376532686697915
680,3,3,0.0007244618074472082,0.0013682025269889317,0.002060560903332778,0.9931902318513326,0.002656537095953139
681,4,4,0.05959093401129777,0.32965046152911115,0.10634593409034235,0.004623025306112938,0.49978962573819236
682,3,3,0.04370682574172402,0.0944731158268575,0.13891849314546692,0.5935298925646589,0.12937168203451838
683,0,0,0.6597083006868664,0.06188941933116492,0.08244892701334017,0.0019258173997874592,0.19402754777498762
684,4,2,0.04899810269835923,0.1261856537522378,0.6626816548069858,0.005234910746474789,0.15689971049910026
685,0,4,0.21148107225539164,0.21594401830365093,0.27905714933181713,0.005352579354731626,0.2881651677158926
686,1,1,0.027027976148954167,0.7600981190017655,0.04118762572815379,0.002802133025896142,0.16888419322015275
687,3,3,0.006778460586787107,0.0018005241723290917,0.03473701484637164,0.9531031920275984,0.0035808087860089727
688,2,2,0.09552619370385086,0.13697323662031635,0.3969763296060293,0.01145942955868802,0.3590647991722631
689,2,4,0.06767685936936435,0.17960704182779955,0.1897441334046741,0.017348719946101106,0.5456232426580931
690,3,3,0.010677604741945523,0.013746020268369909,0.009141733608507903,0.936391813753638,0.030042854263364407
691,1,1,0.02738205443829744,0.7963815658165058,0.027256521632933323,0.00507150737017956,0.14390835665598234
692,3,3,0.0010353469071694155,0.0005453859202953456,0.0007233872712159689,0.9952870169333519,0.0024088414515054408
693,3,3,0.005225530682075531,0.005570973080463506,0.034507272658105395,0.9399419263259075,0.014754372085217078
694,4,2,0.032519812379494625,0.03387978994164112,0.7465946603280531,0.05581566362199786,0.1311900603177682
695,2,2,0.21446391587053926,0.0628934764615886,0.6135100336377372,0.043812331421286314,0.06532026719576461
696,3,3,0.032300294891163164,0.023477813920381892,0.0952536589450137,0.772476340323402,0.07649185420147503
697,2,2,0.06922884099242209,0.24984700675889931,0.4443044214826056,0.00845185694487052,0.2281679064174926
698,1,1,0.045058659852648814,0.7254915283284923,0.03963968908788636,0.026928793223390788,0.16288134589885908
699,0,0,0.4579122389919988,0.1460144809002352,0.12214394279320731,0.03530185111446785,0.23862750352269077
700,3,3,0.0020838661685455865,0.0018430949900348694,0.008085278954176829,0.9857946281005304,0.0021930626592942246
701,3,3,0.007479533199675615,0.010406490736133677,0.019588533444049695,0.9420537919982304,0.020471675569714257
702,4,0,0.5094530167400664,0.07549632560264588,0.19037115516237135,0.01679881415521616,0.20788071939930813
703,1,1,0.059329183068845964,0.7338571062134392,0.07128791541866458,0.002524233112849982,0.13300159860091293
704,4,4,0.13089577556963355,0.17323844052054196,0.21848202173498885,0.006526402705958634,0.47085740361356704
705,1,4,0.14552434006083417,0.22078920577514521,0.08538304303700739,0.027270586953985536,0.5210328257562762
706,0,0,0.4898790634441242,0.19042394644596106,0.12924414150882815,0.07112133724578101,0.1193315001794347
707,0,0,0.8673883419433928,0.01866962219209154,0.027890319158020073,0.005564278754553082,0.0804873777885042
708,3,3,0.01044021002307012,0.0070090076698045125,0.013123086587426289,0.962519028921563,0.006908677228948838
709,4,4,0.07109999504457493,0.11999518241979895,0.11474731695857919,0.004836268080293275,0.689321251326894
710,3,3,0.0016895289379591043,0.0029341230565904006,0.0027775100633013207,0.9868206555228762,0.005778240690962327
711,3,3,0.013829970012892013,0.027549986193156354,0.038910647214599914,0.857517603495165,0.06219183415551224
712,2,2,0.038326562173767655,0.06230641009174881,0.5634798192526089,0.03081656758526318,0.305070638568305
713,1,4,0.05429437285916369,0.34008426832595784,0.1805828432768784,0.0572196070302729,0.367818906645082
714,2,1,0.06717229537115607,0.3606776322914787,0.30577204175964057,0.013261437607945174,0.2531166065670891
715,0,2,0.1212863349606053,0.04383260567077067,0.49670199774048474,0.056448686331581864,0.2817303548074608
716,0,3,0.11081507031968646,0.08349434213454734,0.19811777366326475,0.403436082796762,0.20413674375172652
717,4,4,0.05725973938152834,0.24968442013019404,0.04142920839249589,0.0051921897292359605,0.6464344376168006
718,3,3,0.006535398474277884,0.005269060019048111,0.012700137779932773,0.9640442356935646,0.011451161723466111
719,0,4,0.09572888710257124,0.17145434592585698,0.08909467536072214,0.0030210973648159946,0.6407010036523917
720,4,4,0.02349503646188702,0.1402457049922106,0.12232504977838342,0.01031396089431372,0.7036202484319989
721,0,4,0.3416202744792275,0.13532225871137593,0.13319283113949862,0.03634451653655836,0.35352015601371356
722,3,3,0.09947540703341132,0.09589685893377371,0.20590824821349488,0.4268340815736483,0.17188543255787803
723,2,2,0.035416495319440855,0.030520222189345893,0.845253947249216,0.0035537655635171075,0.08525556858417621
724,2,2,0.02383504247092517,0.0373176520440723,0.7435715693550221,0.034173428633637024,0.16110230609935955
725,1,1,0.0904750368443277,0.675689438601514,0.07651401100508583,0.014226913201307399,0.14309459685530546
726,0,0,0.416369882596245,0.19298247938330387,0.11188240536837982,0.013613491710316011,0.2651517484854681
727,0,2,0.31222742596620046,0.09225023045000881,0.3943690329679544,0.0074672157232440394,0.19368607989829886
728,2,2,0.06385035133033297,0.10615391355817241,0.42581068275616746,0.012199776329979456,0.3919852695060897
729,1,1,0.0720287254792496,0.752297371530955,0.027058904726583812,0.023579919682778734,0.12503507306234676
730,2,2,0.02059865050838333,0.013852217388106288,0.8852499366035909,0.011527138585811773,0.06877206932398111
731,1,1,0.25206109128642296,0.3498257739183334,0.07097837225044185,0.010606469670117172,0.3165283014428523
732,4,2,0.12472680753641109,0.053825151809446865,0.6242496858243343,0.00928384196194731,0.18791448539384445
733,3,3,0.005759369136820253,0.00679938432636994,0.004188119474417765,0.9735704189065032,0.009682718732220893
734,4,4,0.02379248909492985,0.03266255768823322,0.25939496129015593,0.007120118416478898,0.6770299024743343
735,4,2,0.11331043385533124,0.07766001143222195,0.4936968063249868,0.041083650791659355,0.27424909964471034
736,4,1,0.044634771160597865,0.86086833563354,0.023972947992331666,0.024691803460124843,0.045832138493776625
737,0,0,0.7607463554005979,0.035560201443058645,0.11745825314791777,0.005139125301792906,0.08109608449723747
738,3,3,0.06405741374193327,0.12950650490627527,0.07348082562018417,0.49707333349319366,0.2358819088273686
739,1,1,0.03183122968727192,0.797470423308189,0.07745374588347476,0.030351492288637358,0.06289310995001418
740,3,3,0.0014249797912764556,0.0017317305279936498,0.001748933362412359,0.9917354222229202,0.003358890870388351
741,3,3,0.019602677652660078,0.00854763824462168,0.01888505403594959,0.935417002548061,0.017547672082492853
742,3,3,0.020881134479186738,0.006629754613964241,0.05682734339111779,0.8878574577629998,0.027804394014141337
743,4,4,0.09722148332737128,0.2432514848193115,0.2259344711403883,0.1535015491292143,0.2800910127013017
744,2,2,0.04764824150491149,0.04244574474190513,0.7801792077420152,0.024695792929256874,0.10503096130037617
745,3,3,0.021040095271120517,0.020115294742281745,0.07798849504638831,0.8322404583055237,0.04861566520285349
746,4,1,0.011839803939418386,0.8609699061781474,0.03252122984005268,0.0025601094264194116,0.09210897826460097
747,3,3,0.0031479781672665175,0.0024780340444619433,0.0029204668223539883,0.9828193248636846,0.008634253566291003
748,4,4,0.1381241986666242,0.34822307370327654,0.09981856567789427,0.03918954600804591,0.37464460402323024
749,4,4,0.04393056208474608,0.07201050456833774,0.07662824383920874,0.05026145111334848,0.7571692220030817
750,3,3,0.006944656602820121,0.011422707734164343,0.027620551105577405,0.9425110901086889,0.01150098643937504
751,4,4,0.06698214954521084,0.1327987996161088,0.15144498857631966,0.3290298969963689,0.31974417290283685
752,3,3,0.008039333878463556,0.004977083266445661,0.0165000866143975,0.9620711333341772,0.008412394944012727
753,2,4,0.06687195090131015,0.08018450960412257,0.2500956179391483,0.020959636449429078,0.5818882819394932
754,4,4,0.014727913615343908,0.13677193730409057,0.2112570797629239,0.006554500154496904,0.6306886139597605
755,1,1,0.07957128359315892,0.4383319002155038,0.11603185231175461,0.014943639609031051,0.3511213711626434
756,2,0,0.5826722611563766,0.0660040200599555,0.08198168811909387,0.030478345243203166,0.23886368875084918
757,4,4,0.2518430000057628,0.1188077253035224,0.2633541034831751,0.021568636467694288,0.34442653250467115
758,1,1,0.15749744738998855,0.3918577224324252,0.18058940203116863,0.008971256069802747,0.26108421501058554
759,1,1,0.11422600980262304,0.6447811033405678,0.046723049231445664,0.012075196629409297,0.18219463850466638
760,0,0,0.6823785251125445,0.09922463648545629,0.04666670117723223,0.006719635050878383,0.1650105342812343
761,3,3,0.003096244396619402,0.004242707887799688,0.0031419430890128096,0.9829840753573147,0.006535014973451842
762,2,2,0.029828213655680027,0.04995059508589693,0.8257880863681802,0.003658265656223219,0.09077476952452483
763,4,4,0.026350294642665178,0.17020476200126966,0.03356268859573011,0.03779766812350395,0.7320845954843955
764,3,3,0.00753940576299753,0.0052760345483773815,0.007442222305503305,0.9687680659671492,0.010974277498673073
765,3,3,0.01022501462241292,0.03142212803927871,0.012861245684795566,0.9195222124814617,0.02596939847355922
766,2,2,0.012259460951002187,0.011043799970600622,0.9032321422334468,0.0037488102288236523,0.06971580580137163
767,4,4,0.19395874958961357,0.09529878540360362,0.24448641883436534,0.19455670302251354,0.2716993330916202
768,4,4,0.060370841893418764,0.1234617829300346,0.17563427458017522,0.005620070965693813,0.6349130683736968
769,2,4,0.033301565021251825,0.15534385147287197,0.07064331922991338,0.0019588349067857728,0.7387524385659876
770,3,3,0.0012695789247339712,0.0007847102344327565,0.0020686493649337036,0.9925666826609241,0.003310413530024513
771,3,3,0.008408459640960646,0.004905459291379715,0.11064518531642753,0.8618885958508493,0.014152291145950532
772,2,2,0.03052216519511576,0.06387723787497182,0.7718200489396019,0.005378021768522676,0.12840252366065086
773,3,3,0.0036297402369176073,0.0024329886852234666,0.0031276481370557762,0.9858893668696149,0.004920245425007061
774,1,1,0.03190068764349252,0.7114723585557738,0.07404786414892765,0.014968920311022826,0.16761020473104105
775,4,4,0.05568053455592899,0.10831664594879285,0.14765071357363643,0.005710185044827503,0.6826418951723111
776,3,3,0.01775132316763016,0.006137126064248188,0.015360441979172539,0.9228524690959,0.037898624908303154
777,2,2,0.038091853930359965,0.3029388753346979,0.3784207176994634,0.005679177820135854,0.27486939137378963
778,2,2,0.1560573832450894,0.06428959208156874,0.5794062112075148,0.007399722841191305,0.19284706585145525
779,3,3,0.00596367766738513,0.0030917616984221944,0.01141827716303466,0.970172330233082,0.009353937489993285
780,3,3,0.008737647522750356,0.005209888027187908,0.013317615417870046,0.962765287678603,0.009969566365268226
781,3,3,0.0036055779074058575,0.0044326672525491105,0.011155157933111533,0.9684969265852513,0.01230967373119594
782,2,2,0.027467545673727965,0.03203663633880645,0.7546798877237519,0.0049911155966789605,0.18082484770570317
783,2,2,0.059784636577347554,0.17100670209396862,0.3842805986984006,0.008537221030378756,0.37639085086656404
784,2,4,0.037664210980508754,0.06851837528393132,0.13417985659793813,0.03325518741018246,0.7263823808567441
785,2,2,0.2739525052797624,0.122118111686675,0.38885686359090643,0.029284742047776754,0.1857877708756215
786,4,1,0.15496535814316698,0.6411929846552951,0.058832520564798624,0.0039465552051224165,0.14106263810259556
787,4,2,0.04497780152675831,0.04490349302620626,0.7707700347709733,0.013564613363457935,0.12578404818564315
788,1,1,0.04143155367612309,0.6060632545799531,0.0338941035564312,0.00846590862584642,0.3101452007492346
789,2,2,0.02451300918967214,0.0800422874905316,0.609057766995484,0.010474965353107758,0.27591198130888506
790,1,0,0.3933677589777547,0.11109173851952575,0.22041267486354998,0.013633363403885407,0.26149450577227096
791,3,3,0.00953258131382298,0.009926232289917052,0.009662510378690963,0.9605618625868397,0.010316837738248423
792,4,4,0.01508662847136604,0.15278872421803316,0.05005654474333532,0.02130868700618902,0.760759424408641
793,4,4,0.23942194977140632,0.10649329829002935,0.1454592873599618,0.018928009409814955,0.4896974799419681
794,4,0,0.5841176832701627,0.06796857088179419,0.04953430947091407,0.0026397804000617463,0.2957396614485873
795,3,3,0.012906390418472961,0.020079210286610746,0.28032120237979774,0.5663439214291712,0.12034927697606354
796,4,4,0.022035873933584152,0.026764939721581414,0.022924064616386845,0.004631541068736278,0.9236435838960573
797,4,4,0.09827523584240327,0.3622782263746913,0.11858602913697978,0.013015829352617421,0.4078447117498999
798,3,3,0.005847946565879333,0.006881571589581665,0.012866194113975458,0.9612018734604717,0.013202390404950888
799,4,4,0.2513588870114922,0.160797481236582,0.2078289806769036,0.023920879949992882,0.3560937808573503
800,1,1,0.0077754937809454226,0.9567637561546289,0.004894150325243025,0.0018018108523115068,0.028764823089692713
801,4,4,0.3004290182474819,0.0949738910850014,0.20163973731233098,0.009072651436755692,0.39388474089427983
802,1,4,0.08818815717134225,0.18144172260553473,0.080102852151774,0.004466082979250418,0.6458011784797083
803,3,3,0.015459678725230856,0.005949727123958193,0.019666964701718498,0.9445302273710078,0.014393399004720229
804,0,0,0.43226612626853667,0.1636515445658711,0.16095720124842605,0.012165860183769878,0.23095928365901236
805,2,1,0.10498752571507447,0.5000923796047823,0.2113769161978541,0.006533801692566008,0.17700935490364253
806,3,3,0.0021217812476957585,0.0019547557122066017,0.0016973233863679068,0.9899145308514548,0.004311641200659141
807,0,0,0.7056749836806335,0.08736455711658829,0.09237586110347404,0.009454210797720916,0.10513035926877375
808,1,4,0.01338308644630031,0.20604017719808204,0.031504307183774186,0.0026104857786136406,0.7464619516878215
809,0,4,0.3445704640682228,0.1357139256394595,0.04278641664477319,0.004150400912739225,0.47277880332859956
810,1,1,0.06357859106017612,0.734355110211456,0.09289494763565367,0.011292899211449532,0.09787846827254189
811,0,0,0.48361045589092744,0.25459199174605784,0.05542450579084319,0.009624518105611945,0.19674850183073395
812,3,3,0.004273800268052496,0.0015409480877363005,0.006122928761593916,0.9826525274261454,0.005409798681176338
813,4,4,0.052185250050126135,0.06721999914529239,0.04169248968890206,0.0012454772998547548,0.8376567869997839
814,4,4,0.17928385985531498,0.12408141901549184,0.3400132281331774,0.011737654500692654,0.34488380999685236
815,4,2,0.010995124958555126,0.01440751067696765,0.9533897298951826,0.0014511305165778622,0.01975652252532645
816,4,0,0.9163164069658618,0.013152424954895624,0.019949859517186738,0.0026295343349859728,0.047951783161945774
817,3,3,0.0033165243954850878,0.0026066836165032667,0.014002833598072743,0.9739485531862415,0.006125348067057444
818,0,0,0.5015361418584832,0.059321221953469894,0.21243048025704328,0.027390357695867645,0.19932182580228425
819,1,4,0.03820671760318593,0.3333852492920793,0.08068898962744908,0.007894904812459167,0.5398241750795393
820,2,4,0.030329007387843967,0.02186595070110916,0.11273453418071869,0.09846880850795574,0.7366017547291979
821,3,3,0.00390631126299835,0.002960946247530198,0.009084555399310166,0.9757108608541784,0.008337344687811481
822,1,2,0.22598193823429172,0.1683070432065658,0.3403358138438256,0.0150102826840747,0.25036488794483597
823,3,3,0.0013892656896989071,0.001689159176532264,0.0016217224556018973,0.9933264140950182,0.0019733968715389192
824,1,1,0.025397068708969642,0.33722850955612427,0.2520944216287714,0.0921381001340616,0.29314195547889854
825,1,0,0.6819510300268561,0.18229785057813452,0.07725549650487895,0.003740746183593037,0.054754868184935857
826,4,4,0.0711301679663667,0.2230290465234474,0.16056880727118,0.013481785638633163,0.5317902158834371
827,2,2,0.03719859574679217,0.13186435637044203,0.5581019762099878,0.0033994306346050644,0.26943563744093957
828,2,2,0.03873704975425821,0.04513657731856423,0.7981745811090117,0.005265851397234755,0.11268592328459574
829,3,3,0.007022978105339141,0.004265332533570961,0.00536035869284816,0.9692713088598169,0.01408001639220198
830,2,2,0.015459008853738163,0.058537643704239584,0.8752204844712226,0.019546435433865222,0.031236490494340505
831,3,3,0.013210339958748206,0.009323020834881983,0.01828163403259637,0.9181340211467056,0.04105098287455623
832,4,0,0.8058711681020679,0.04586039868038275,0.04360311489596237,0.00281177356021089,0.10185351393459888
833,2,2,0.021772890466981207,0.02419175853305442,0.8308499228032616,0.0034291447601218277,0.11975633725538423
834,0,0,0.7995538132467532,0.026901149783321622,0.06798307890125238,0.010398880743631742,0.09516309503181143
835,3,3,0.0038780490115235696,0.004258656656293,0.009104521257309279,0.9687556145267815,0.014003145917030243
836,3,3,0.020782998653691924,0.030144122818268466,0.04239854141406877,0.8532308523657179,0.053443536343523515
837,4,1,0.20755741341452827,0.3627987434160904,0.20599914642039768,0.016231930324706045,0.2074127986480387
838,3,3,0.00195043425240797,0.0018410670418387719,0.010821902314331387,0.9825232147371494,0.0028634469981926067
839,3,3,0.003517190808621739,0.0016874396600487095,0.0027021233611281724,0.9859549138087954,0.006138360277800174
840,1,1,0.023570758154902904,0.8523646755783154,0.05317714102754193,0.00974169708082196,0.06114573966025155
841,3,3,0.010256500436212117,0.005638112859262721,0.016116592350007862,0.9454914134138712,0.02249737454944496
842,3,3,0.01201054427539156,0.008205777683519492,0.056106387907993355,0.8943736099376318,0.02930372941586185
843,0,0,0.7003418493191393,0.038968839533041345,0.12393337199236212,0.0056766628181941685,0.13107930413724195
844,4,1,0.0725949918170035,0.6040698532862712,0.07953465637933924,0.024476913358642056,0.2193235017122414
845,3,3,0.0014377882066347325,0.0010736259778306005,0.0023489111173625736,0.9931055039614121,0.0020341680068206624
846,1,1,0.03265426127949648,0.5107309635066588,0.10733347782314656,0.0028692505813881506,0.346412099638583
847,1,4,0.06376968858110807,0.20226437015104407,0.12168400500475055,0.022728589336143492,0.5895533415252829
848,1,4,0.05648407648255696,0.21467119324638714,0.19348744887295033,0.04706655237701736,0.48829073237384946
849,0,0,0.9653909044564124,0.005161786963294822,0.006871844674119261,0.002276517160813437,0.020298886698337085
850,0,0,0.9123286503424289,0.02145439393604717,0.0340916666892871,0.003965736739143272,0.02815956111737492
851,3,3,0.005978208730144967,0.007139175692658491,0.04358318249660716,0.931893069101835,0.01140635914460836
852,4,1,0.3081317821090928,0.4194807044087324,0.11068606239744652,0.019475456585769935,0.14222594644271352
853,2,2,0.06031358737338832,0.12014736225480752,0.5408529758858702,0.02060284251633499,0.2580832481047626
854,0,0,0.9067871232816357,0.015590441988636202,0.01822320232398213,0.003005962731185281,0.05639326674089467
855,0,0,0.9610637333717313,0.01466490809369243,0.006058153222584151,0.00143952407932954,0.016773681139530296
856,4,1,0.05149021477446854,0.43176245455247964,0.20532525153916853,0.013238878074997086,0.29818314648338334
857,2,2,0.15314278074738788,0.1417139969673806,0.4565660617510072,0.031472853727056146,0.21710430489795687
858,1,0,0.34412607775955073,0.21465701960977152,0.21315111033258305,0.02336459862840351,0.20470123055006517
859,3,3,0.004115197088391982,0.004502075194847677,0.005562069293350955,0.9740245636166873,0.011796137100408485
860,2,4,0.09855412783799025,0.13321628489497858,0.15341096517469166,0.06028795051264043,0.5545306935589118
861,2,4,0.10216549678988707,0.08889188604963506,0.21551957033503719,0.11640523129953287,0.4770177395299858
862,1,1,0.02558315451305475,0.916202050299961,0.03397047490260438,0.004145617746462053,0.02009868592545145
863,3,3,0.002163100449263425,0.0029812658801805433,0.007125103112578095,0.9782368411810753,0.009493679109071302
864,2,2,0.030715984816385457,0.2791069688423487,0.47329830746747503,0.013426881495771495,0.2034518877391352
865,1,1,0.11755458136603963,0.6162888590694335,0.02967317802182957,0.008507958146710192,0.2279754591122078
866,1,1,0.11463553977030747,0.39233017670059617,0.12913769845495499,0.010562380866094866,0.35333421300904483
867,0,0,0.704740051289279,0.06885644146303566,0.11957426099600871,0.0017035157159033787,0.10512571753218185
868,0,0,0.40638776243557895,0.11387023615315695,0.10134540309961595,0.016795982618490406,0.3616006888951122
869,1,1,0.10904718746064665,0.4762496145858499,0.07022599189172153,0.012402828532496522,0.33207440360631746
870,3,3,0.002988150980030171,0.002894811812926474,0.008505164286579308,0.9684236840126985,0.01718811174769016
871,0,2,0.12977637607214382,0.08529689231951038,0.5449554389204412,0.013204057324686944,0.22676718730697282
872,4,4,0.04621580677115641,0.06999910296469533,0.18712476000682998,0.004306603953499471,0.6923536754536063
873,1,1,0.06462152860465695,0.6912217845367171,0.05738483679355007,0.011729021996155137,0.17504283351715777
874,4,1,0.14709448986691878,0.5105679018158954,0.1003200543334607,0.013196762831795432,0.22882077671642972
875,4,1,0.07394134812101168,0.6041613240805083,0.10449768310486836,0.021704549352386433,0.19569511732043804
876,0,0,0.4620313171324482,0.1307100116111038,0.1763460307873958,0.017483806078299777,0.21342883085172665
877,4,4,0.015475241069944499,0.035618245687702346,0.04667714901298746,0.018498926135988615,0.8837304422377625
878,0,0,0.8200475297954495,0.062297072893017065,0.02664219741522496,0.002794857939055068,0.08821835130540363
879,0,0,0.6012180646199305,0.0750012900884277,0.15330286965338394,0.005214359676095408,0.16526345936179437
880,0,0,0.40400969346382426,0.0941075767418019,0.16014213570303543,0.04201360735139387,0.29972699474931874
881,1,1,0.10019860138882394,0.5860478404736488,0.10308183306479982,0.01306589641708086,0.19760585482581094
882,2,2,0.10435393849316568,0.04166277253395716,0.6960923297682111,0.07109438291116743,0.08679659305730486
883,0,0,0.9104696356448907,0.01591485512151218,0.02902666543460129,0.010206443230464168,0.0343824284150766
884,3,3,0.007085015106072339,0.01134761210948193,0.022189619000795517,0.8755343641507742,0.08384339312533551
885,2,2,0.03203941506643407,0.04555231015167819,0.7797798927853374,0.01605864313520415,0.12656977807002667
886,3,3,0.020649710061418244,0.016370735877591656,0.03349149738111732,0.9026873851083758,0.02680066803247119
887,0,0,0.7650194687472397,0.0507091831728837,0.04786231094648503,0.056747258957553316,0.07966177603379625
888,4,4,0.02609443093869729,0.19344341221234923,0.16331536168972072,0.0067405855065704005,0.610406222178951
889,2,2,0.03544719982898466,0.03112975727906101,0.7968221319518873,0.010101323556900075,0.126499570060567
890,3,3,0.0008533243370336877,0.0021047195850834055,0.0025651293972332487,0.9904017191552087,0.004075167470600591
891,3,3,0.0019921949748834223,0.0017537326742488276,0.016100101748038546,0.9742982663882598,0.005855654295679372
892,3,3,0.008105472600583481,0.006395651204919198,0.025897856678548044,0.949093124618204,0.010507897179485554
893,2,1,0.08084513217389068,0.6212871234675426,0.07434877512213263,0.005170165373228624,0.2183488683340108
894,3,3,0.009072634543478045,0.004522646942043737,0.01466345861646504,0.9605263134865673,0.011214916981652593
895,2,2,0.0998880166725978,0.19718194558257568,0.5835574748988372,0.00801409554691276,0.11135849952283762
896,3,3,0.0011023938316852512,0.0011760133672539133,0.002124672995928581,0.9931120901394472,0.002484842145407529
897,1,1,0.03234045756140694,0.7167341736990785,0.057738038742352,0.007570459286850111,0.18561690014010576
898,1,4,0.19037479607892663,0.1777319359845746,0.28649273742262293,0.01728675227352226,0.3281137683683343
899,4,4,0.04145986761057954,0.08988766914543966,0.26079492739178456,0.025788325350439383,0.5820692548327114
900,4,4,0.022495850988177253,0.031977875705638675,0.21593985799620596,0.010726740450646352,0.7188596796090769
901,4,4,0.025264111196807708,0.19007572352403315,0.051122275238948474,0.0034712901157510525,0.7300666177476455
902,2,2,0.029055286484560853,0.10072656929263488,0.576916223600129,0.06089951084407687,0.2324024243072307
903,2,2,0.11822824496499994,0.05564038980089584,0.5102869495266494,0.0274850031336602,0.28835942328400427
904,0,0,0.5670262681462721,0.05980681958475223,0.07301516095722926,0.003167377955607849,0.2969843807019453
905,1,0,0.42466631987600234,0.28686891295463357,0.08473523162175575,0.010250513504801616,0.19347903694396795
906,3,3,0.0033754435996843253,0.00231155091721735,0.007396758746175686,0.9852514869403045,0.0016647671133213039
907,1,1,0.10817392426912475,0.41335343297509525,0.14613504778351274,0.026950186243755715,0.30538739047458907
908,3,3,0.018173130670907624,0.006762134622718414,0.011065265728358994,0.9217869073358914,0.042212552136812645
909,1,1,0.04109073966915662,0.7335572235675174,0.036287729715832294,0.00661916967203916,0.1824451556293769
910,4,4,0.06441031756742462,0.09344026768768471,0.1679896893751674,0.0031649560665523158,0.6709947662763727
911,3,3,0.1462250216378603,0.05249764812146843,0.11816900008103819,0.5828416601171058,0.10026670506025606
912,0,0,0.8421019313914876,0.03974838355009561,0.031025824277582624,0.0020570868168682927,0.08506672532564442
913,1,1,0.020416870072046137,0.5108351024624564,0.03637264353349329,0.00273553329383116,0.4296398426055158
914,2,2,0.05079990221810646,0.03061781891262487,0.4877052147782553,0.053562287112798285,0.3773148324850406
915,0,0,0.5282708344252045,0.04397494201835311,0.1449196532037493,0.1966696639621378,0.08616491570378101
916,4,4,0.32298788330010075,0.06966177515526654,0.06651804312997062,0.03242879673345885,0.5084035525314159
917,4,4,0.02809658376695403,0.031856150598467484,0.2507274809682507,0.00738742742294459,0.681932362028053
918,1,1,0.10962604080034263,0.7061429849044456,0.07401412412440327,0.01235587815487113,0.0978610326450369
919,0,0,0.48467060158685193,0.054066228774466964,0.06163722247760448,0.029789690726091625,0.36983629378102023
920,2,2,0.03355425705586848,0.023565259870513715,0.673222329275728,0.01337706517656161,0.25628109064113397
921,0,0,0.4894137727080208,0.08109100471555061,0.1426724174201959,0.024896675909479672,0.2619261366507677
922,3,3,0.004642942571078921,0.00965193322794201,0.022936697600257537,0.9481076206696977,0.014660808259330277
923,1,1,0.025502800976402822,0.6070130361132173,0.17205695261201465,0.004759850403900147,0.1906673192888008
924,1,1,0.0257369677333047,0.8082225682088151,0.05913800982385361,0.003013397707349394,0.10388904502484345
925,1,1,0.0458991230479917,0.7229414936935757,0.08215954926533181,0.006041228040776449,0.1429585681406278
926,2,2,0.06669362061804464,0.06465118994936342,0.44189134174719347,0.012983675474664034,0.41378017500470216
927,0,0,0.8045646028386582,0.056002225991550594,0.027617657072476296,0.0017156636381165805,0.11009984605869921
928,2,2,0.06395295174784763,0.05432021423371757,0.7489624271254114,0.04284203909933147,0.08992230669893106
929,4,2,0.12811638813405812,0.26355026612385385,0.32110175229470844,0.027332293225385162,0.2598993117703943
930,1,1,0.08016205604207262,0.491764805520109,0.05682399007252497,0.006327058042694354,0.36492208684178107
931,2,2,0.09784673403038861,0.0512317451639747,0.6443847191243414,0.045328137709431636,0.16120866676583145
932,3,3,0.003116432294268447,0.00160214942308141,0.0037730007832326214,0.9888713321874412,0.0026370840314079175
933,2,2,0.02851464311237592,0.0275213122020019,0.8993820671013626,0.0015100638911541785,0.04307197985193284
934,0,0,0.966748118170027,0.00668747117234703,0.014702948672517258,0.0013473233298018777,0.01051409355019036
935,2,2,0.019239160007980042,0.0392741277268051,0.843651498644522,0.014180797895388767,0.08365433600409168
936,3,3,0.0027497868493062527,0.0024214054272248316,0.004868956984489263,0.9866754267666844,0.0032844114227235026
937,2,4,0.023434486873616215,0.12661082736826745,0.2409083512653387,0.023013726537931968,0.586032611680136
938,2,2,0.017781378370829645,0.01349018498702799,0.9002934746411932,0.011331401979997244,0.05710358531800135
939,0,0,0.736147552398907,0.09644377060736296,0.07535907445705174,0.008243952880954223,0.08380569985401085
940,4,2,0.044104415070312125,0.15449678449566445,0.59707165964193,0.01733769119786161,0.1869894425161803
941,4,1,0.017488034042295073,0.7567232430264109,0.03019985418947448,0.009077304899575835,0.18651150088483764
942,3,3,0.009908696681856526,0.007572722443490626,0.04214437564483631,0.9105257829594829,0.02984837142012099
943,4,4,0.05148605914320914,0.11948626906544463,0.15780868441333282,0.005787124968375359,0.6654318556691909
944,1,2,0.08956026302918124,0.3810831810542826,0.4014631855726491,0.01172065537824969,0.11617270514018424
945,4,0,0.8654935292319202,0.011128240016405128,0.031316287497391945,0.0018697130422593805,0.09019221184168552
946,1,1,0.02366951004238513,0.6168155659714158,0.04459621203578854,0.005239750728789214,0.3096789685674281
947,4,4,0.10336994904548658,0.2088234581428298,0.2844349658965414,0.03145436219061122,0.37191727236137617
948,2,2,0.15777275825032228,0.05187526115257475,0.6020628566490229,0.019084676006180218,0.16920444756937078
949,1,1,0.08097408615489947,0.5188561158280147,0.0920027326403336,0.004296614118591798,0.30387046227104997
950,4,4,0.042909509730249845,0.38980998176437137,0.16960949866798938,0.00510531762235226,0.39256570897884346
951,1,1,0.04258733086043818,0.8878570843106945,0.01948967302591781,0.0045707963982491275,0.045495154962626724
952,3,3,0.012603175665303893,0.013217881014293725,0.06947635985092455,0.862241264877871,0.04246134644979333
953,0,0,0.6032738494254348,0.04369325279284361,0.2559978084221642,0.002950529188701916,0.0940845870395117
954,3,3,0.002528585335328507,0.0060848536776500605,0.004357546025366683,0.9792503911204273,0.007778664505099363
955,3,3,0.0005307430013407793,0.00038221862994692175,0.0017949043427250672,0.9966656113527934,0.000626519739527706
956,1,4,0.10762231224736295,0.32543481355390136,0.10721210241616685,0.007712883626772972,0.45201787223017986
957,3,3,0.001076450515517869,0.0011379926963007419,0.0036050582385349617,0.9892635969571231,0.004916928228349063
958,1,1,0.02797084169842105,0.47525269008555476,0.3176221940523103,0.009455391088333733,0.16969892973464118
959,0,4,0.21491649443634298,0.2467490492162404,0.07842318966973187,0.005444433074373841,0.4544668222877417
960,1,1,0.03147342091595221,0.5104548183119777,0.09821939306525262,0.012943052474700917,0.34690931569777783
961,1,1,0.03328073032874952,0.46378734212241474,0.3263755962330219,0.06020394833847837,0.11635242358299969
962,4,2,0.017527288339322957,0.013513264788692232,0.9155557683838732,0.0035484502380889096,0.049855221171971165
963,3,3,0.0010735190751034358,0.0011020638653641962,0.0030504038668770356,0.991684060797309,0.003089976982262279
964,2,2,0.13816270267802505,0.0892661982628201,0.4359116371020177,0.01324510296579462,0.32341435690750825
965,0,0,0.7051382264007697,0.13976688209010343,0.0570324602123141,0.01020747754026929,0.08785493550262094
966,2,4,0.05203067580235515,0.1761538405677533,0.10196873698243925,0.003668498027871679,0.6661782153247986
967,1,4,0.21080282405692852,0.2701632021281097,0.05421994245869049,0.00952859685916847,0.4552854485600737
968,0,0,0.30219450026138805,0.28511464298363487,0.12408044114004799,0.04255430044179863,0.24605613901498838
969,2,1,0.05408632284267821,0.4544253101574502,0.23031662190603824,0.009459316174789689,0.2517124205371405
970,4,4,0.2229704871136841,0.18696492101810633,0.22814364267546633,0.009645535456453195,0.35227543036039805
971,0,0,0.5426631255148431,0.033718688442637215,0.03992822940222042,0.007740695841553876,0.37594925465201645
972,2,0,0.46399685592052864,0.029180964758710983,0.39785566249775406,0.00552252096730792,0.10344397387648567
973,4,2,0.30527277214700416,0.03962119136462338,0.40579502677549056,0.037692954858455696,0.21161807590231635
974,1,0,0.9405463353710823,0.01139076926074161,0.015946822614384085,0.0014485733434735388,0.030667506013977375
975,1,1,0.01777586935012212,0.932859295829579,0.013579502531850089,0.0084988275133575,0.027286491969405996
976,2,2,0.09045767755495543,0.1330455671088585,0.31199701414572273,0.1960966761157421,0.26840308146599856
977,3,3,0.0012628393122562363,0.0012353287047066593,0.0074141183913704195,0.9858389284221984,0.004248793353465297
978,2,2,0.04077623680288847,0.2868994991888568,0.5316461704771556,0.005693194774475673,0.1349848814340235
979,3,3,0.000953419427108587,0.0006464417837810679,0.0018949398375233293,0.9929010617580527,0.003604150980018939
980,0,0,0.6259691070425171,0.0969471590852434,0.1462554200517593,0.011986474785354714,0.1188418562645932
981,3,3,0.0020926971711439342,0.0027497938621803817,0.0018340553078470328,0.9900207076379218,0.003302655473069532
982,4,4,0.07371055161489534,0.20903988976059912,0.30429080978881073,0.00523254624039998,0.40772622224620114
983,0,0,0.42463405295950407,0.07324671820207729,0.26566101841356593,0.0064129365905487516,0.2300452701090137
984,2,2,0.005647109385455597,0.011041639596447295,0.9278109247423538,0.006005830178357041,0.04949451627216151
985,0,0,0.36388990327985754,0.1817113403651987,0.09596987313216593,0.01722094847103261,0.34120793680065487
986,1,1,0.04592997002743704,0.5001655280584791,0.06366965430161997,0.007500921081415765,0.38273392997694167
987,2,2,0.07192938289681934,0.051761501577601426,0.596378049690213,0.004315073053616902,0.27561597192012366
988,2,2,0.2514530892531255,0.056679005256809405,0.3394213594777913,0.07043858165207154,0.28200797404595707
989,1,1,0.017064107711610925,0.8328898784806931,0.03434423725042747,0.0021577672999832675,0.11354403065442142
990,0,4,0.3145952425019067,0.13853465465242676,0.0889086290888133,0.0436773902249865,0.41428409372984903
991,3,3,0.027673291311906077,0.027413543839515747,0.05317134079282687,0.8461995403550779,0.04554227662262177
992,0,1,0.11904727555593128,0.5422682465568388,0.09525460767713297,0.010623419504283778,0.2328064885175097
993,3,3,0.001857558401118251,0.003545617819872236,0.009377431417000466,0.9739557127573015,0.011263570314003348
994,0,1,0.026131162487461123,0.5921246298523584,0.13619969076662364,0.0060626240599271596,0.23948189688488297
995,0,1,0.1103673977812819,0.4438261247062094,0.07838180542425066,0.026374790247983622,0.3410498739938818
996,2,2,0.11897470285546279,0.04791048100904147,0.408814624919621,0.04695779455456481,0.3773424067428769
997,4,4,0.16402186906566443,0.16929431309869364,0.31727416718157697,0.029053517451107666,0.3203561365324356
998,1,1,0.05208851287365289,0.5109930025999532,0.16031719520374982,0.014392353703269562,0.26220894139357454
999,0,0,0.45715701472761305,0.06665157203658122,0.09247843580598106,0.002550291196174867,0.3811627044875723
